,Class
0,1
1,0
2,0
3,1
4,1
5,1
6,0
7,1
8,1
9,0
10,0
11,0
12,0
13,0
14,0
15,0
16,0
17,0
18,0
19,1
20,1
21,1
22,1
23,0
24,1
25,0
26,1
27,0
28,1
29,1
30,0
31,0
32,0
33,0
34,1
35,1
36,0
37,0
38,0
39,1
40,0
41,0
42,1
43,1
44,1
45,0
46,1
47,1
48,1
49,0
50,1
51,1
52,1
53,0
54,0
55,1
56,1
57,0
58,1
59,1
60,1
61,1
62,0
63,1
64,1
65,0
66,1
67,0
68,1
69,1
70,0
71,0
72,1
73,0
74,0
75,0
76,1
77,0
78,1
79,0
80,0
81,0
82,1
83,0
84,1
85,0
86,0
87,0
88,0
89,1
90,0
91,0
92,0
93,0
94,0
95,0
96,0
97,0
98,1
99,1
100,1
101,1
102,0
103,1
104,0
105,1
106,0
107,0
108,1
109,1
110,0
111,0
112,1
113,0
114,0
115,1
116,0
117,0
118,0
119,0
120,0
121,0
122,0
123,1
124,1
125,0
126,1
127,1
128,1
129,0
130,1
131,1
132,0
133,1
134,1
135,1
136,1
137,0
138,1
139,1
140,1
141,1
142,1
143,0
144,0
145,0
146,0
147,0
148,1
149,1
150,0
151,0
152,1
153,1
154,0
155,0
156,1
157,0
158,1
159,1
160,1
161,1
162,0
163,0
164,1
165,0
166,0
167,0
168,0
169,0
170,1
171,1
172,0
173,0
174,1
175,0
176,0
177,1
178,0
179,0
180,1
181,0
182,0
183,0
184,1
185,1
186,1
187,1
188,1
189,0
190,1
191,1
192,1
193,0
194,0
195,1
196,1
197,1
198,1
199,1
200,1
201,1
202,0
203,1
204,1
205,0
206,1
207,0
208,1
209,1
210,1
211,0
212,1
213,1
214,1
215,1
216,1
217,0
218,0
219,0
220,1
221,0
222,0
223,1
224,0
225,0
226,0
227,1
228,1
229,0
230,0
231,1
232,1
233,0
234,0
235,0
236,0
237,0
238,0
239,1
240,1
241,1
242,1
243,0
244,0
245,0
246,1
247,1
248,0
249,0
250,1
251,0
252,1
253,0
254,1
255,1
256,0
257,0
258,0
259,1
260,1
261,1
262,1
263,1
264,0
265,1
266,1
267,0
268,1
269,1
270,0
271,0
272,0
273,1
274,0
275,0
276,1
277,0
278,1
279,0
280,0
281,1
282,0
283,1
284,1
285,1
286,1
287,0
288,1
289,1
290,1
291,1
292,0
293,0
294,1
295,1
296,0
297,0
298,0
299,0
300,1
301,1
302,0
303,0
304,1
305,0
306,0
307,1
308,0
309,0
310,0
311,0
312,0
313,1
314,1
315,1
316,1
317,1
318,1
319,1
320,1
321,0
322,1
323,0
324,1
325,0
326,0
327,0
328,0
329,0
330,0
331,1
332,1
333,0
334,1
335,0
336,1
337,0
338,1
339,0
340,1
341,1
342,0
343,1
344,1
345,1
346,0
347,1
348,0
349,0
350,1
351,1
352,1
353,1
354,1
355,0
356,0
357,1
358,1
359,1
360,0
361,0
362,1
363,0
364,1
365,1
366,1
367,1
368,0
369,0
370,0
371,0
372,1
373,0
374,1
375,1
376,0
377,0
378,1
379,0
380,0
381,0
382,0
383,1
384,1
385,0
386,0
387,0
388,1
389,1
390,0
391,1
392,0
393,0
394,0
395,1
396,1
397,0
398,1
399,0
400,1
401,1
402,0
403,0
404,0
405,1
406,0
407,0
408,1
409,0
410,1
411,1
412,1
413,1
414,0
415,1
416,0
417,1
418,1
419,1
420,0
421,0
422,1
423,0
424,1
425,0
426,0
427,1
428,1
429,0
430,0
431,0
432,1
433,0
434,1
435,1
436,0
437,0
438,0
439,0
440,0
441,1
442,0
443,0
444,0
445,1
446,0
447,1
448,1
449,0
450,1
451,1
452,0
453,0
454,1
455,0
456,0
457,1
458,1
459,1
460,0
461,0
462,0
463,0
464,0
465,1
466,1
467,1
468,1
469,0
470,1
471,1
472,1
473,0
474,1
475,0
476,0
477,0
478,0
479,0
480,0
481,1
482,0
483,1
484,1
485,1
486,1
487,1
488,1
489,1
490,1
491,0
492,1
493,1
494,0
495,0
496,1
497,1
498,0
499,0
500,1
501,0
502,1
503,1
504,0
505,0
506,0
507,0
508,0
509,1
510,0
511,0
512,1
513,1
514,0
515,0
516,0
517,1
518,1
519,0
520,0
521,0
522,1
523,0
524,0
525,0
526,1
527,1
528,1
529,1
530,0
531,0
532,0
533,1
534,1
535,1
536,1
537,0
538,1
539,0
540,1
541,0
542,1
543,0
544,0
545,1
546,1
547,0
548,1
549,0
550,0
551,1
552,1
553,1
554,1
555,1
556,0
557,1
558,0
559,0
560,1
561,1
562,0
563,1
564,1
565,1
566,1
567,1
568,0
569,0
570,1
571,1
572,1
573,0
574,1
575,0
576,1
577,0
578,0
579,0
580,1
581,0
582,1
583,1
584,0
585,0
586,0
587,1
588,0
589,1
590,0
591,0
592,1
593,1
594,0
595,0
596,1
597,1
598,0
599,1
600,0
601,1
602,0
603,0
604,0
605,1
606,0
607,0
608,1
609,1
610,0
611,0
612,0
613,1
614,1
615,1
616,1
617,1
618,1
619,1
620,1
621,1
622,0
623,0
624,0
625,1
626,1
627,0
628,1
629,0
630,0
631,0
632,1
633,0
634,0
635,0
636,0
637,1
638,0
639,1
640,0
641,0
642,0
643,1
644,0
645,1
646,1
647,1
648,0
649,0
650,0
651,0
652,1
653,0
654,0
655,0
656,1
657,1
658,0
659,1
660,0
661,1
662,0
663,1
664,0
665,0
666,1
667,0
668,0
669,0
670,0
671,1
672,1
673,1
674,0
675,1
676,0
677,1
678,0
679,1
680,1
681,1
682,0
683,0
684,1
685,0
686,1
687,1
688,1
689,1
690,0
691,0
692,0
693,0
694,1
695,0
696,0
697,1
698,0
699,0
700,1
701,0
702,0
703,0
704,1
705,0
706,1
707,0
708,1
709,0
710,0
711,1
712,1
713,1
714,0
715,0
716,1
717,0
718,0
719,0
720,0
721,1
722,1
723,1
724,1
725,0
726,1
727,1
728,0
729,0
730,1
731,0
732,0
733,0
734,1
735,1
736,1
737,1
738,0
739,0
740,1
741,0
742,1
743,1
744,1
745,1
746,1
747,1
748,0
749,0
750,1
751,0
752,1
753,1
754,1
755,1
756,0
757,0
758,0
759,1
760,1
761,0
762,1
763,0
764,0
765,0
766,1
767,1
768,0
769,0
770,1
771,1
772,1
773,0
774,0
775,1
776,1
777,1
778,0
779,1
780,0
781,0
782,0
783,0
784,1
785,0
786,1
787,1
788,1
789,1
790,1
791,1
792,0
793,0
794,0
795,0
796,1
797,0
798,1
799,1
800,1
801,0
802,0
803,1
804,0
805,0
806,0
807,0
808,1
809,0
810,1
811,0
812,0
813,0
814,0
815,1
816,0
817,1
818,0
819,0
820,1
821,1
822,0
823,0
824,1
825,0
826,1
827,0
828,0
829,0
830,0
831,0
832,0
833,0
834,1
835,1
836,1
837,0
838,1
839,1
840,1
841,0
842,1
843,1
844,1
845,1
846,1
847,1
848,0
849,1
850,0
851,0
852,1
853,0
854,0
855,0
856,0
857,1
858,0
859,0
860,1
861,0
862,0
863,1
864,1
865,1
866,0
867,1
868,1
869,0
870,0
871,0
872,1
873,0
874,0
875,1
876,1
877,0
878,1
879,0
880,0
881,0
882,1
883,1
884,0
885,1
886,1
887,1
888,0
889,0
890,0
891,1
892,1
893,1
894,0
895,0
896,0
897,1
898,1
899,1
900,0
901,1
902,0
903,0
904,1
905,0
906,1
907,0
908,0
909,0
910,0
911,1
912,0
913,1
914,1
915,1
916,1
917,0
918,0
919,0
920,1
921,0
922,0
923,1
924,1
925,0
926,1
927,0
928,0
929,1
930,0
931,1
932,0
933,1
934,1
935,0
936,0
937,1
938,0
939,0
940,0
941,1
942,1
943,1
944,0
945,0
946,0
947,0
948,1
949,0
950,0
951,1
952,0
953,1
954,1
955,0
956,1
957,0
958,1
959,1
960,0
961,0
962,0
963,1
964,0
965,0
966,0
967,1
968,0
969,1
970,0
971,1
972,0
973,0
974,0
975,1
976,0
977,0
978,0
979,1
980,0
981,0
982,1
983,1
984,0
985,1
986,1
987,0
988,1
989,1
990,0
991,0
992,0
993,0
994,0
995,0
996,1
997,0
998,1
999,0
1000,1
1001,0
1002,0
1003,1
1004,0
1005,1
1006,1
1007,1
1008,0
1009,0
1010,1
1011,0
1012,0
1013,0
1014,0
1015,1
1016,0
1017,1
1018,1
1019,0
1020,1
1021,0
1022,0
1023,1
1024,0
1025,1
1026,1
1027,0
1028,1
1029,1
1030,0
1031,1
1032,0
1033,1
1034,1
1035,1
1036,0
1037,1
1038,0
1039,1
1040,1
1041,1
1042,0
1043,0
1044,0
1045,0
1046,0
1047,1
1048,0
1049,1
1050,0
1051,1
1052,0
1053,1
1054,1
1055,1
1056,1
1057,0
1058,1
1059,0
1060,0
1061,1
1062,0
1063,1
1064,0
1065,0
1066,0
1067,0
1068,0
1069,0
1070,1
1071,1
1072,1
1073,1
1074,0
1075,0
1076,0
1077,0
1078,1
1079,0
1080,1
1081,0
1082,1
1083,1
1084,0
1085,1
1086,1
1087,1
1088,0
1089,1
1090,1
1091,1
1092,0
1093,1
1094,0
1095,1
1096,1
1097,0
1098,1
1099,1
1100,0
1101,1
1102,0
1103,1
1104,0
1105,1
1106,0
1107,0
1108,0
1109,0
1110,0
1111,0
1112,0
1113,0
1114,1
1115,1
1116,1
1117,1
1118,1
1119,0
1120,1
1121,0
1122,1
1123,0
1124,0
1125,1
1126,1
1127,1
1128,1
1129,0
1130,0
1131,0
1132,1
1133,1
1134,0
1135,0
1136,1
1137,1
1138,1
1139,0
1140,1
1141,0
1142,0
1143,0
1144,1
1145,0
1146,0
1147,0
1148,0
1149,0
1150,1
1151,1
1152,0
1153,1
1154,1
1155,0
1156,0
1157,0
1158,0
1159,1
1160,1
1161,0
1162,1
1163,1
1164,0
1165,1
1166,0
1167,1
1168,0
1169,0
1170,0
1171,1
1172,1
1173,0
1174,1
1175,1
1176,0
1177,0
1178,1
1179,0
1180,1
1181,1
1182,0
1183,0
1184,0
1185,0
1186,0
1187,0
1188,0
1189,0
1190,0
1191,0
1192,0
1193,0
1194,0
1195,1
1196,0
1197,0
1198,1
1199,1
1200,0
1201,0
1202,0
1203,1
1204,1
1205,0
1206,1
1207,1
1208,0
1209,1
1210,1
1211,1
1212,1
1213,1
1214,0
1215,1
1216,1
1217,1
1218,1
1219,0
1220,0
1221,0
1222,0
1223,1
1224,1
1225,0
1226,0
1227,0
1228,0
1229,0
1230,0
1231,0
1232,0
1233,1
1234,1
1235,1
1236,0
1237,1
1238,1
1239,1
1240,1
1241,0
1242,1
1243,1
1244,1
1245,0
1246,0
1247,0
1248,0
1249,1
1250,0
1251,0
1252,0
1253,0
1254,1
1255,0
1256,0
1257,1
1258,0
1259,1
1260,0
1261,0
1262,1
1263,1
1264,0
1265,1
1266,1
1267,1
1268,0
1269,1
1270,0
1271,0
1272,1
1273,1
1274,0
1275,1
1276,0
1277,1
1278,1
1279,1
1280,0
1281,1
1282,0
1283,1
1284,1
1285,1
1286,0
1287,0
1288,1
1289,0
1290,1
1291,1
1292,0
1293,0
1294,0
1295,1
1296,0
1297,0
1298,1
1299,0
1300,0
1301,0
1302,0
1303,0
1304,0
1305,1
1306,1
1307,0
1308,0
1309,0
1310,0
1311,0
1312,0
1313,1
1314,1
1315,1
1316,0
1317,1
1318,1
1319,1
1320,0
1321,0
1322,1
1323,1
1324,0
1325,0
1326,1
1327,0
1328,0
1329,1
1330,0
1331,0
1332,1
1333,1
1334,0
1335,0
1336,1
1337,0
1338,0
1339,0
1340,1
1341,0
1342,0
1343,1
1344,1
1345,0
1346,0
1347,0
1348,0
1349,0
1350,1
1351,0
1352,1
1353,0
1354,1
1355,1
1356,0
1357,1
1358,1
1359,0
1360,1
1361,0
1362,0
1363,1
1364,1
1365,0
1366,1
1367,0
1368,0
1369,1
1370,1
1371,0
1372,1
1373,1
1374,0
1375,0
1376,1
1377,1
1378,1
1379,1
1380,0
1381,1
1382,1
1383,1
1384,1
1385,1
1386,0
1387,0
1388,0
1389,1
1390,0
1391,0
1392,1
1393,0
1394,0
1395,1
1396,1
1397,0
1398,1
1399,1
1400,1
1401,0
1402,0
1403,0
1404,1
1405,1
1406,0
1407,0
1408,0
1409,1
1410,1
1411,1
1412,0
1413,0
1414,1
1415,1
1416,0
1417,0
1418,1
1419,1
1420,0
1421,1
1422,1
1423,1
1424,0
1425,1
1426,0
1427,1
1428,0
1429,1
1430,0
1431,0
1432,1
1433,0
1434,0
1435,1
1436,1
1437,0
1438,1
1439,0
1440,0
1441,0
1442,0
1443,0
1444,1
1445,1
1446,1
1447,0
1448,0
1449,0
1450,0
1451,0
1452,0
1453,1
1454,1
1455,1
1456,1
1457,1
1458,0
1459,1
1460,0
1461,0
1462,0
1463,1
1464,0
1465,0
1466,1
1467,1
1468,1
1469,0
1470,0
1471,0
1472,1
1473,0
1474,1
1475,0
1476,0
1477,0
1478,1
1479,1
1480,0
1481,1
1482,0
1483,0
1484,0
1485,1
1486,1
1487,1
1488,1
1489,0
1490,0
1491,1
1492,1
1493,1
1494,1
1495,0
1496,0
1497,1
1498,1
1499,1
1500,0
1501,1
1502,0
1503,1
1504,0
1505,1
1506,0
1507,1
1508,0
1509,1
1510,0
1511,0
1512,1
1513,1
1514,1
1515,1
1516,1
1517,1
1518,0
1519,1
1520,1
1521,0
1522,0
1523,0
1524,1
1525,0
1526,0
1527,0
1528,1
1529,1
1530,0
1531,0
1532,0
1533,1
1534,1
1535,1
1536,1
1537,1
1538,1
1539,1
1540,0
1541,1
1542,1
1543,1
1544,0
1545,0
1546,0
1547,0
1548,0
1549,1
1550,1
1551,0
1552,1
1553,1
1554,1
1555,0
1556,0
1557,0
1558,0
1559,1
1560,1
1561,1
1562,1
1563,0
1564,1
1565,0
1566,1
1567,1
1568,0
1569,0
1570,1
1571,0
1572,0
1573,0
1574,0
1575,1
1576,0
1577,1
1578,0
1579,0
1580,0
1581,0
1582,1
1583,1
1584,0
1585,0
1586,1
1587,1
1588,0
1589,0
1590,1
1591,1
1592,1
1593,0
1594,1
1595,1
1596,0
1597,0
1598,0
1599,0
1600,1
1601,0
1602,0
1603,1
1604,1
1605,0
1606,0
1607,0
1608,1
1609,0
1610,1
1611,0
1612,0
1613,1
1614,0
1615,1
1616,1
1617,0
1618,0
1619,1
1620,0
1621,1
1622,0
1623,0
1624,1
1625,1
1626,0
1627,1
1628,1
1629,1
1630,0
1631,1
1632,0
1633,0
1634,0
1635,0
1636,0
1637,1
1638,0
1639,0
1640,0
1641,0
1642,1
1643,0
1644,0
1645,0
1646,0
1647,0
1648,1
1649,0
1650,0
1651,0
1652,0
1653,0
1654,0
1655,0
1656,0
1657,0
1658,0
1659,1
1660,1
1661,1
1662,0
1663,0
1664,1
1665,1
1666,0
1667,0
1668,0
1669,0
1670,1
1671,0
1672,0
1673,0
1674,0
1675,1
1676,1
1677,0
1678,0
1679,0
1680,1
1681,1
1682,0
1683,0
1684,0
1685,0
1686,1
1687,0
1688,0
1689,1
1690,1
1691,1
1692,1
1693,1
1694,1
1695,0
1696,0
1697,1
1698,1
1699,1
1700,1
1701,1
1702,1
1703,1
1704,0
1705,0
1706,0
1707,1
1708,1
1709,0
1710,0
1711,0
1712,0
1713,1
1714,0
1715,0
1716,0
1717,0
1718,0
1719,1
1720,1
1721,0
1722,1
1723,0
1724,1
1725,0
1726,0
1727,0
1728,1
1729,0
1730,0
1731,0
1732,0
1733,1
1734,0
1735,0
1736,0
1737,0
1738,0
1739,0
1740,0
1741,1
1742,1
1743,0
1744,0
1745,1
1746,1
1747,0
1748,1
1749,0
1750,1
1751,0
1752,1
1753,1
1754,0
1755,1
1756,0
1757,0
1758,1
1759,0
1760,0
1761,0
1762,0
1763,1
1764,1
1765,1
1766,0
1767,0
1768,1
1769,1
1770,1
1771,1
1772,1
1773,0
1774,0
1775,0
1776,1
1777,0
1778,0
1779,0
1780,0
1781,1
1782,0
1783,0
1784,0
1785,0
1786,1
1787,1
1788,1
1789,1
1790,1
1791,0
1792,0
1793,0
1794,1
1795,0
1796,1
1797,0
1798,1
1799,0
1800,1
1801,1
1802,1
1803,1
1804,0
1805,0
1806,0
1807,0
1808,0
1809,1
1810,1
1811,1
1812,1
1813,1
1814,0
1815,1
1816,0
1817,0
1818,1
1819,1
1820,1
1821,0
1822,1
1823,0
1824,1
1825,1
1826,0
1827,1
1828,0
1829,1
1830,1
1831,1
1832,1
1833,0
1834,1
1835,0
1836,1
1837,1
1838,0
1839,0
1840,1
1841,1
1842,1
1843,0
1844,0
1845,1
1846,1
1847,1
1848,1
1849,0
1850,0
1851,1
1852,0
1853,0
1854,1
1855,0
1856,1
1857,0
1858,0
1859,0
1860,1
1861,0
1862,0
1863,1
1864,0
1865,1
1866,1
1867,0
1868,1
1869,0
1870,1
1871,1
1872,1
1873,0
1874,0
1875,1
1876,1
1877,0
1878,0
1879,1
1880,1
1881,1
1882,0
1883,1
1884,0
1885,1
1886,1
1887,0
1888,1
1889,0
1890,1
1891,0
1892,1
1893,0
1894,1
1895,1
1896,0
1897,1
1898,0
1899,0
1900,0
1901,1
1902,0
1903,0
1904,0
1905,0
1906,1
1907,0
1908,1
1909,1
1910,0
1911,1
1912,0
1913,1
1914,1
1915,1
1916,0
1917,1
1918,0
1919,1
1920,1
1921,1
1922,1
1923,1
1924,0
1925,0
1926,0
1927,0
1928,0
1929,1
1930,1
1931,1
1932,1
1933,1
1934,1
1935,1
1936,1
1937,0
1938,1
1939,1
1940,1
1941,0
1942,1
1943,1
1944,1
1945,1
1946,1
1947,1
1948,1
1949,0
1950,0
1951,1
1952,0
1953,1
1954,0
1955,0
1956,0
1957,1
1958,0
1959,0
1960,1
1961,0
1962,0
1963,1
1964,1
1965,0
1966,0
1967,0
1968,1
1969,0
1970,1
1971,1
1972,1
1973,0
1974,1
1975,0
1976,0
1977,0
1978,0
1979,1
1980,0
1981,1
1982,0
1983,1
1984,0
1985,1
1986,0
1987,1
1988,0
1989,1
1990,0
1991,1
1992,0
1993,1
1994,1
1995,1
1996,0
1997,0
1998,1
1999,1
2000,0
2001,1
2002,1
2003,0
2004,1
2005,0
2006,0
2007,0
2008,1
2009,0
2010,1
2011,0
2012,1
2013,1
2014,0
2015,0
2016,1
2017,1
2018,1
2019,1
2020,1
2021,0
2022,0
2023,1
2024,1
2025,0
2026,1
2027,0
2028,1
2029,1
2030,0
2031,1
2032,0
2033,0
2034,0
2035,0
2036,0
2037,0
2038,1
2039,0
2040,1
2041,0
2042,0
2043,1
2044,1
2045,0
2046,0
2047,1
2048,0
2049,0
2050,0
2051,0
2052,1
2053,0
2054,1
2055,0
2056,0
2057,0
2058,0
2059,1
2060,0
2061,0
2062,0
2063,0
2064,1
2065,0
2066,1
2067,1
2068,0
2069,0
2070,1
2071,0
2072,0
2073,1
2074,1
2075,0
2076,0
2077,1
2078,1
2079,1
2080,0
2081,0
2082,1
2083,0
2084,1
2085,0
2086,0
2087,0
2088,0
2089,0
2090,0
2091,1
2092,0
2093,0
2094,1
2095,0
2096,1
2097,0
2098,0
2099,1
2100,1
2101,1
2102,0
2103,0
2104,1
2105,1
2106,1
2107,0
2108,0
2109,1
2110,1
2111,1
2112,1
2113,0
2114,0
2115,1
2116,0
2117,0
2118,0
2119,0
2120,1
2121,0
2122,1
2123,0
2124,1
2125,0
2126,0
2127,0
2128,0
2129,1
2130,0
2131,0
2132,0
2133,1
2134,1
2135,0
2136,1
2137,1
2138,0
2139,0
2140,0
2141,0
2142,1
2143,1
2144,0
2145,1
2146,0
2147,0
2148,0
2149,1
2150,0
2151,0
2152,1
2153,0
2154,0
2155,1
2156,0
2157,0
2158,0
2159,0
2160,0
2161,0
2162,0
2163,1
2164,0
2165,1
2166,0
2167,1
2168,1
2169,1
2170,0
2171,1
2172,1
2173,1
2174,1
2175,0
2176,0
2177,0
2178,0
2179,1
2180,1
2181,0
2182,0
2183,0
2184,0
2185,0
2186,1
2187,1
2188,0
2189,1
2190,1
2191,0
2192,1
2193,0
2194,1
2195,1
2196,1
2197,1
2198,0
2199,1
2200,0
2201,1
2202,1
2203,1
2204,0
2205,1
2206,1
2207,1
2208,0
2209,0
2210,1
2211,0
2212,0
2213,1
2214,0
2215,1
2216,0
2217,1
2218,1
2219,0
2220,0
2221,1
2222,1
2223,0
2224,0
2225,0
2226,0
2227,1
2228,1
2229,0
2230,1
2231,0
2232,1
2233,0
2234,0
2235,0
2236,1
2237,1
2238,1
2239,1
2240,1
2241,1
2242,0
2243,0
2244,0
2245,0
2246,1
2247,1
2248,0
2249,0
2250,0
2251,1
2252,0
2253,1
2254,1
2255,0
2256,0
2257,0
2258,1
2259,1
2260,0
2261,1
2262,0
2263,1
2264,0
2265,0
2266,1
2267,0
2268,1
2269,1
2270,1
2271,0
2272,0
2273,1
2274,0
2275,0
2276,0
2277,0
2278,1
2279,1
2280,1
2281,1
2282,0
2283,0
2284,0
2285,1
2286,0
2287,0
2288,0
2289,1
2290,1
2291,0
2292,1
2293,1
2294,1
2295,1
2296,0
2297,1
2298,0
2299,1
2300,1
2301,1
2302,0
2303,1
2304,0
2305,0
2306,1
2307,0
2308,1
2309,1
2310,1
2311,1
2312,0
2313,0
2314,1
2315,0
2316,1
2317,1
2318,1
2319,1
2320,1
2321,0
2322,1
2323,0
2324,1
2325,0
2326,0
2327,0
2328,0
2329,1
2330,1
2331,0
2332,0
2333,1
2334,0
2335,1
2336,1
2337,0
2338,0
2339,0
2340,0
2341,0
2342,1
2343,0
2344,0
2345,0
2346,1
2347,0
2348,1
2349,0
2350,1
2351,1
2352,0
2353,0
2354,1
2355,1
2356,1
2357,1
2358,0
2359,1
2360,0
2361,0
2362,1
2363,0
2364,1
2365,0
2366,0
2367,0
2368,0
2369,1
2370,0
2371,1
2372,0
2373,0
2374,1
2375,1
2376,1
2377,0
2378,1
2379,1
2380,0
2381,0
2382,1
2383,1
2384,1
2385,1
2386,0
2387,0
2388,0
2389,0
2390,1
2391,0
2392,0
2393,0
2394,1
2395,1
2396,1
2397,1
2398,1
2399,1
2400,1
2401,1
2402,1
2403,0
2404,1
2405,1
2406,0
2407,1
2408,1
2409,0
2410,0
2411,1
2412,0
2413,1
2414,1
2415,1
2416,1
2417,1
2418,1
2419,1
2420,0
2421,0
2422,0
2423,0
2424,1
2425,1
2426,0
2427,0
2428,0
2429,1
2430,1
2431,0
2432,0
2433,1
2434,1
2435,1
2436,1
2437,1
2438,1
2439,1
2440,0
2441,0
2442,0
2443,1
2444,1
2445,1
2446,0
2447,0
2448,0
2449,0
2450,1
2451,0
2452,0
2453,0
2454,0
2455,1
2456,0
2457,1
2458,0
2459,1
2460,1
2461,0
2462,1
2463,0
2464,1
2465,1
2466,1
2467,0
2468,1
2469,0
2470,0
2471,1
2472,1
2473,0
2474,0
2475,0
2476,0
2477,0
2478,0
2479,0
2480,0
2481,0
2482,1
2483,0
2484,0
2485,0
2486,1
2487,0
2488,1
2489,0
2490,0
2491,1
2492,1
2493,1
2494,0
2495,0
2496,1
2497,1
2498,0
2499,0
2500,1
2501,0
2502,0
2503,0
2504,0
2505,0
2506,0
2507,0
2508,1
2509,1
2510,1
2511,0
2512,1
2513,1
2514,0
2515,0
2516,1
2517,0
2518,1
2519,1
2520,0
2521,1
2522,1
2523,1
2524,0
2525,1
2526,1
2527,0
2528,0
2529,0
2530,1
2531,1
2532,1
2533,0
2534,0
2535,1
2536,1
2537,0
2538,0
2539,1
2540,1
2541,0
2542,0
2543,1
2544,1
2545,1
2546,1
2547,0
2548,0
2549,0
2550,1
2551,1
2552,1
2553,1
2554,0
2555,0
2556,1
2557,1
2558,0
2559,1
2560,1
2561,1
2562,1
2563,1
2564,1
2565,0
2566,1
2567,1
2568,0
2569,1
2570,1
2571,0
2572,0
2573,1
2574,1
2575,0
2576,0
2577,0
2578,1
2579,1
2580,1
2581,0
2582,1
2583,1
2584,0
2585,1
2586,1
2587,0
2588,1
2589,1
2590,1
2591,1
2592,0
2593,0
2594,1
2595,0
2596,0
2597,1
2598,0
2599,1
2600,0
2601,0
2602,1
2603,0
2604,0
2605,1
2606,0
2607,1
2608,1
2609,0
2610,0
2611,1
2612,1
2613,1
2614,1
2615,0
2616,1
2617,0
2618,0
2619,1
2620,0
2621,0
2622,0
2623,0
2624,0
2625,0
2626,0
2627,0
2628,0
2629,1
2630,0
2631,0
2632,1
2633,0
2634,0
2635,1
2636,0
2637,1
2638,1
2639,1
2640,1
2641,1
2642,1
2643,1
2644,0
2645,1
2646,1
2647,1
2648,1
2649,1
2650,1
2651,0
2652,1
2653,1
2654,0
2655,0
2656,0
2657,0
2658,0
2659,0
2660,1
2661,0
2662,1
2663,1
2664,0
2665,0
2666,1
2667,0
2668,1
2669,1
2670,0
2671,1
2672,1
2673,1
2674,0
2675,0
2676,0
2677,1
2678,1
2679,0
2680,0
2681,0
2682,1
2683,1
2684,0
2685,1
2686,0
2687,0
2688,1
2689,1
2690,1
2691,0
2692,1
2693,0
2694,0
2695,0
2696,0
2697,0
2698,1
2699,1
2700,0
2701,1
2702,0
2703,1
2704,0
2705,1
2706,1
2707,0
2708,1
2709,1
2710,1
2711,0
2712,1
2713,1
2714,1
2715,0
2716,0
2717,1
2718,0
2719,0
2720,1
2721,1
2722,1
2723,1
2724,0
2725,1
2726,0
2727,1
2728,1
2729,0
2730,1
2731,1
2732,0
2733,1
2734,1
2735,0
2736,1
2737,1
2738,1
2739,1
2740,1
2741,0
2742,1
2743,1
2744,0
2745,0
2746,0
2747,1
2748,1
2749,1
2750,1
2751,1
2752,1
2753,0
2754,0
2755,0
2756,0
2757,0
2758,0
2759,0
2760,1
2761,1
2762,0
2763,1
2764,1
2765,1
2766,0
2767,1
2768,0
2769,1
2770,0
2771,0
2772,1
2773,0
2774,0
2775,1
2776,0
2777,1
2778,0
2779,1
2780,1
2781,1
2782,0
2783,1
2784,1
2785,1
2786,1
2787,0
2788,1
2789,1
2790,1
2791,1
2792,1
2793,1
2794,1
2795,0
2796,0
2797,1
2798,0
2799,1
2800,0
2801,0
2802,1
2803,1
2804,0
2805,0
2806,1
2807,0
2808,1
2809,1
2810,0
2811,0
2812,0
2813,1
2814,0
2815,0
2816,0
2817,0
2818,0
2819,1
2820,1
2821,0
2822,1
2823,0
2824,1
2825,1
2826,0
2827,1
2828,0
2829,0
2830,1
2831,1
2832,0
2833,1
2834,1
2835,0
2836,0
2837,1
2838,0
2839,0
2840,0
2841,1
2842,1
2843,0
2844,0
2845,1
2846,1
2847,1
2848,0
2849,0
2850,1
2851,1
2852,0
2853,0
2854,0
2855,1
2856,0
2857,1
2858,0
2859,1
2860,0
2861,0
2862,0
2863,0
2864,1
2865,0
2866,0
2867,0
2868,0
2869,1
2870,1
2871,1
2872,1
2873,0
2874,1
2875,0
2876,1
2877,1
2878,1
2879,0
2880,0
2881,0
2882,1
2883,0
2884,0
2885,1
2886,0
2887,1
2888,1
2889,0
2890,0
2891,1
2892,0
2893,0
2894,1
2895,1
2896,1
2897,0
2898,0
2899,1
2900,1
2901,1
2902,1
2903,1
2904,1
2905,0
2906,1
2907,0
2908,1
2909,0
2910,1
2911,1
2912,0
2913,0
2914,1
2915,0
2916,1
2917,0
2918,1
2919,1
2920,1
2921,1
2922,1
2923,1
2924,0
2925,0
2926,1
2927,1
2928,0
2929,0
2930,1
2931,1
2932,1
2933,1
2934,0
2935,0
2936,1
2937,0
2938,1
2939,1
2940,0
2941,1
2942,0
2943,1
2944,0
2945,1
2946,1
2947,0
2948,0
2949,1
2950,0
2951,0
2952,1
2953,1
2954,0
2955,1
2956,1
2957,1
2958,1
2959,1
2960,0
2961,1
2962,1
2963,0
2964,0
2965,0
2966,0
2967,1
2968,0
2969,1
2970,1
2971,0
2972,0
2973,0
2974,1
2975,1
2976,0
2977,0
2978,1
2979,1
2980,1
2981,1
2982,0
2983,0
2984,0
2985,1
2986,0
2987,0
2988,1
2989,1
2990,1
2991,1
2992,1
2993,1
2994,1
2995,0
2996,1
2997,1
2998,1
2999,0
3000,1
3001,1
3002,0
3003,1
3004,0
3005,1
3006,1
3007,1
3008,0
3009,0
3010,0
3011,0
3012,0
3013,0
3014,1
3015,0
3016,1
3017,0
3018,0
3019,0
3020,1
3021,0
3022,0
3023,0
3024,1
3025,1
3026,1
3027,1
3028,1
3029,0
3030,1
3031,0
3032,0
3033,1
3034,1
3035,0
3036,1
3037,0
3038,1
3039,1
3040,1
3041,1
3042,0
3043,1
3044,1
3045,1
3046,1
3047,0
3048,1
3049,1
3050,0
3051,1
3052,1
3053,1
3054,1
3055,1
3056,0
3057,0
3058,1
3059,0
3060,1
3061,1
3062,0
3063,0
3064,1
3065,0
3066,0
3067,0
3068,0
3069,0
3070,1
3071,1
3072,0
3073,0
3074,1
3075,0
3076,1
3077,0
3078,1
3079,0
3080,1
3081,0
3082,0
3083,1
3084,1
3085,1
3086,0
3087,1
3088,0
3089,0
3090,0
3091,0
3092,0
3093,1
3094,1
3095,0
3096,0
3097,0
3098,0
3099,0
3100,1
3101,0
3102,0
3103,1
3104,0
3105,0
3106,0
3107,1
3108,0
3109,0
3110,1
3111,0
3112,1
3113,0
3114,1
3115,1
3116,0
3117,0
3118,1
3119,0
3120,1
3121,1
3122,1
3123,1
3124,0
3125,0
3126,1
3127,1
3128,1
3129,0
3130,1
3131,0
3132,1
3133,1
3134,0
3135,1
3136,1
3137,0
3138,0
3139,1
3140,1
3141,0
3142,1
3143,1
3144,1
3145,0
3146,0
3147,0
3148,0
3149,0
3150,1
3151,1
3152,1
3153,0
3154,1
3155,0
3156,0
3157,0
3158,0
3159,0
3160,0
3161,1
3162,0
3163,0
3164,0
3165,0
3166,0
3167,0
3168,0
3169,0
3170,0
3171,0
3172,0
3173,1
3174,1
3175,0
3176,0
3177,0
3178,0
3179,0
3180,1
3181,1
3182,0
3183,1
3184,0
3185,1
3186,1
3187,1
3188,0
3189,0
3190,0
3191,0
3192,0
3193,0
3194,1
3195,0
3196,0
3197,0
3198,1
3199,1
3200,1
3201,1
3202,0
3203,1
3204,1
3205,0
3206,1
3207,0
3208,1
3209,1
3210,1
3211,1
3212,0
3213,1
3214,1
3215,1
3216,1
3217,1
3218,0
3219,1
3220,0
3221,0
3222,1
3223,1
3224,0
3225,1
3226,0
3227,0
3228,1
3229,0
3230,1
3231,1
3232,0
3233,1
3234,1
3235,0
3236,0
3237,1
3238,0
3239,0
3240,1
3241,0
3242,1
3243,1
3244,1
3245,0
3246,0
3247,1
3248,1
3249,0
3250,0
3251,1
3252,1
3253,1
3254,1
3255,1
3256,0
3257,1
3258,0
3259,1
3260,1
3261,0
3262,1
3263,1
3264,1
3265,0
3266,1
3267,1
3268,0
3269,1
3270,0
3271,1
3272,1
3273,0
3274,1
3275,1
3276,1
3277,1
3278,1
3279,1
3280,0
3281,1
3282,1
3283,0
3284,1
3285,0
3286,1
3287,1
3288,1
3289,0
3290,0
3291,1
3292,1
3293,1
3294,1
3295,0
3296,0
3297,0
3298,1
3299,1
3300,0
3301,1
3302,1
3303,0
3304,0
3305,0
3306,1
3307,0
3308,0
3309,1
3310,0
3311,1
3312,0
3313,1
3314,0
3315,0
3316,1
3317,1
3318,1
3319,1
3320,0
3321,1
3322,0
3323,1
3324,0
3325,1
3326,1
3327,1
3328,0
3329,0
3330,0
3331,1
3332,0
3333,1
3334,1
3335,0
3336,0
3337,1
3338,1
3339,1
3340,1
3341,1
3342,1
3343,0
3344,0
3345,0
3346,1
3347,0
3348,1
3349,1
3350,0
3351,0
3352,1
3353,1
3354,0
3355,1
3356,1
3357,1
3358,0
3359,0
3360,1
3361,1
3362,0
3363,1
3364,1
3365,1
3366,1
3367,1
3368,1
3369,0
3370,0
3371,1
3372,0
3373,0
3374,0
3375,0
3376,1
3377,1
3378,1
3379,1
3380,1
3381,1
3382,0
3383,1
3384,0
3385,1
3386,1
3387,1
3388,0
3389,0
3390,0
3391,0
3392,1
3393,0
3394,1
3395,0
3396,0
3397,1
3398,1
3399,1
3400,0
3401,0
3402,0
3403,1
3404,0
3405,0
3406,0
3407,0
3408,0
3409,1
3410,0
3411,0
3412,1
3413,0
3414,0
3415,1
3416,0
3417,0
3418,0
3419,0
3420,0
3421,1
3422,1
3423,0
3424,0
3425,0
3426,0
3427,0
3428,0
3429,0
3430,1
3431,0
3432,1
3433,1
3434,1
3435,0
3436,0
3437,0
3438,0
3439,1
3440,1
3441,0
3442,1
3443,0
3444,1
3445,1
3446,1
3447,0
3448,0
3449,1
3450,0
3451,1
3452,1
3453,1
3454,1
3455,0
3456,0
3457,1
3458,0
3459,1
3460,0
3461,0
3462,0
3463,1
3464,1
3465,0
3466,1
3467,0
3468,1
3469,1
3470,1
3471,1
3472,0
3473,0
3474,0
3475,0
3476,0
3477,1
3478,1
3479,1
3480,1
3481,1
3482,0
3483,0
3484,1
3485,0
3486,0
3487,1
3488,1
3489,0
3490,0
3491,1
3492,0
3493,0
3494,1
3495,0
3496,1
3497,1
3498,0
3499,0
3500,1
3501,1
3502,0
3503,0
3504,0
3505,1
3506,0
3507,0
3508,0
3509,1
3510,0
3511,0
3512,1
3513,0
3514,0
3515,0
3516,1
3517,1
3518,0
3519,0
3520,1
3521,1
3522,0
3523,0
3524,1
3525,1
3526,1
3527,0
3528,1
3529,0
3530,0
3531,1
3532,1
3533,0
3534,1
3535,1
3536,1
3537,1
3538,0
3539,0
3540,0
3541,1
3542,0
3543,0
3544,1
3545,0
3546,0
3547,1
3548,0
3549,0
3550,1
3551,1
3552,0
3553,1
3554,0
3555,0
3556,0
3557,1
3558,1
3559,1
3560,1
3561,1
3562,1
3563,0
3564,1
3565,0
3566,0
3567,1
3568,0
3569,0
3570,1
3571,0
3572,1
3573,0
3574,1
3575,0
3576,1
3577,0
3578,0
3579,1
3580,0
3581,0
3582,0
3583,1
3584,1
3585,1
3586,0
3587,0
3588,1
3589,1
3590,1
3591,1
3592,1
3593,0
3594,1
3595,0
3596,0
3597,1
3598,1
3599,0
3600,0
3601,1
3602,1
3603,1
3604,1
3605,0
3606,1
3607,0
3608,1
3609,1
3610,0
3611,0
3612,0
3613,0
3614,0
3615,1
3616,1
3617,0
3618,1
3619,0
3620,0
3621,0
3622,1
3623,0
3624,0
3625,0
3626,0
3627,1
3628,0
3629,0
3630,0
3631,0
3632,0
3633,0
3634,0
3635,0
3636,0
3637,1
3638,0
3639,0
3640,1
3641,0
3642,1
3643,1
3644,1
3645,1
3646,0
3647,0
3648,0
3649,0
3650,0
3651,1
3652,0
3653,0
3654,1
3655,0
3656,0
3657,1
3658,0
3659,1
3660,1
3661,0
3662,0
3663,0
3664,0
3665,0
3666,0
3667,0
3668,0
3669,1
3670,0
3671,1
3672,0
3673,0
3674,1
3675,0
3676,0
3677,1
3678,0
3679,0
3680,1
3681,0
3682,0
3683,0
3684,0
3685,1
3686,1
3687,0
3688,1
3689,1
3690,1
3691,0
3692,1
3693,0
3694,0
3695,0
3696,1
3697,0
3698,1
3699,1
3700,0
3701,1
3702,1
3703,1
3704,0
3705,1
3706,0
3707,1
3708,1
3709,1
3710,0
3711,1
3712,0
3713,1
3714,1
3715,1
3716,0
3717,1
3718,0
3719,1
3720,1
3721,1
3722,1
3723,0
3724,0
3725,1
3726,1
3727,0
3728,0
3729,1
3730,0
3731,0
3732,0
3733,1
3734,0
3735,0
3736,1
3737,0
3738,0
3739,1
3740,0
3741,1
3742,0
3743,1
3744,1
3745,0
3746,1
3747,0
3748,1
3749,1
3750,0
3751,0
3752,0
3753,1
3754,0
3755,1
3756,0
3757,0
3758,1
3759,1
3760,0
3761,1
3762,1
3763,1
3764,1
3765,1
3766,0
3767,0
3768,1
3769,1
3770,1
3771,0
3772,1
3773,1
3774,1
3775,1
3776,0
3777,1
3778,0
3779,0
3780,1
3781,1
3782,0
3783,0
3784,0
3785,1
3786,0
3787,0
3788,1
3789,1
3790,1
3791,0
3792,0
3793,0
3794,1
3795,0
3796,0
3797,1
3798,0
3799,1
3800,1
3801,0
3802,0
3803,0
3804,0
3805,0
3806,1
3807,0
3808,1
3809,0
3810,0
3811,0
3812,1
3813,0
3814,1
3815,1
3816,0
3817,1
3818,1
3819,1
3820,1
3821,0
3822,0
3823,1
3824,0
3825,1
3826,1
3827,1
3828,0
3829,0
3830,0
3831,0
3832,1
3833,0
3834,0
3835,0
3836,0
3837,0
3838,1
3839,1
3840,1
3841,0
3842,0
3843,0
3844,0
3845,0
3846,1
3847,0
3848,0
3849,0
3850,1
3851,1
3852,0
3853,0
3854,1
3855,0
3856,1
3857,0
3858,1
3859,1
3860,1
3861,0
3862,1
3863,0
3864,1
3865,1
3866,0
3867,0
3868,1
3869,1
3870,0
3871,1
3872,0
3873,1
3874,1
3875,0
3876,0
3877,1
3878,1
3879,1
3880,1
3881,0
3882,1
3883,1
3884,0
3885,1
3886,1
3887,1
3888,0
3889,1
3890,0
3891,1
3892,1
3893,0
3894,1
3895,1
3896,1
3897,1
3898,1
3899,1
3900,0
3901,1
3902,0
3903,1
3904,0
3905,1
3906,1
3907,0
3908,1
3909,1
3910,0
3911,1
3912,0
3913,0
3914,1
3915,1
3916,0
3917,1
3918,1
3919,1
3920,1
3921,0
3922,1
3923,1
3924,1
3925,1
3926,0
3927,0
3928,0
3929,0
3930,0
3931,0
3932,1
3933,1
3934,0
3935,1
3936,0
3937,0
3938,0
3939,0
3940,1
3941,0
3942,1
3943,1
3944,1
3945,0
3946,0
3947,0
3948,1
3949,0
3950,1
3951,1
3952,0
3953,0
3954,0
3955,0
3956,0
3957,1
3958,1
3959,1
3960,0
3961,0
3962,0
3963,1
3964,0
3965,1
3966,0
3967,0
3968,0
3969,0
3970,1
3971,1
3972,1
3973,0
3974,0
3975,1
3976,0
3977,0
3978,0
3979,1
3980,1
3981,0
3982,1
3983,0
3984,0
3985,0
3986,1
3987,0
3988,1
3989,0
3990,0
3991,0
3992,0
3993,1
3994,1
3995,0
3996,0
3997,0
3998,0
3999,0
4000,1
4001,1
4002,0
4003,0
4004,0
4005,0
4006,1
4007,0
4008,0
4009,1
4010,1
4011,0
4012,0
4013,1
4014,0
4015,0
4016,0
4017,0
4018,1
4019,1
4020,0
4021,1
4022,1
4023,0
4024,0
4025,0
4026,0
4027,0
4028,0
4029,1
4030,1
4031,1
4032,0
4033,1
4034,1
4035,0
4036,0
4037,1
4038,1
4039,0
4040,0
4041,0
4042,1
4043,0
4044,0
4045,0
4046,0
4047,0
4048,0
4049,0
4050,0
4051,1
4052,0
4053,0
4054,1
4055,0
4056,1
4057,1
4058,1
4059,0
4060,1
4061,1
4062,0
4063,0
4064,1
4065,1
4066,1
4067,0
4068,0
4069,1
4070,0
4071,1
4072,0
4073,0
4074,0
4075,1
4076,0
4077,1
4078,1
4079,1
4080,0
4081,0
4082,0
4083,1
4084,0
4085,0
4086,0
4087,0
4088,1
4089,1
4090,1
4091,0
4092,1
4093,1
4094,0
4095,1
4096,0
4097,1
4098,0
4099,0
4100,0
4101,1
4102,0
4103,0
4104,1
4105,0
4106,0
4107,1
4108,0
4109,1
4110,0
4111,1
4112,0
4113,1
4114,1
4115,1
4116,0
4117,0
4118,0
4119,0
4120,1
4121,1
4122,1
4123,1
4124,0
4125,1
4126,1
4127,0
4128,1
4129,1
4130,1
4131,1
4132,0
4133,1
4134,1
4135,0
4136,1
4137,1
4138,0
4139,1
4140,1
4141,0
4142,0
4143,0
4144,1
4145,1
4146,1
4147,0
4148,1
4149,1
4150,0
4151,1
4152,0
4153,0
4154,1
4155,1
4156,1
4157,0
4158,1
4159,0
4160,0
4161,1
4162,0
4163,0
4164,0
4165,1
4166,0
4167,0
4168,0
4169,1
4170,1
4171,1
4172,1
4173,0
4174,0
4175,1
4176,1
4177,1
4178,0
4179,0
4180,0
4181,1
4182,0
4183,1
4184,0
4185,1
4186,1
4187,1
4188,0
4189,0
4190,1
4191,0
4192,1
4193,0
4194,1
4195,1
4196,1
4197,0
4198,1
4199,1
4200,1
4201,1
4202,1
4203,1
4204,1
4205,1
4206,0
4207,1
4208,1
4209,0
4210,1
4211,1
4212,1
4213,0
4214,1
4215,0
4216,1
4217,1
4218,1
4219,0
4220,0
4221,0
4222,0
4223,0
4224,0
4225,1
4226,1
4227,0
4228,0
4229,0
4230,1
4231,1
4232,1
4233,1
4234,0
4235,0
4236,1
4237,0
4238,0
4239,1
4240,1
4241,0
4242,1
4243,1
4244,0
4245,1
4246,1
4247,0
4248,1
4249,0
4250,0
4251,1
4252,1
4253,0
4254,0
4255,0
4256,1
4257,1
4258,1
4259,1
4260,1
4261,0
4262,0
4263,0
4264,0
4265,0
4266,1
4267,1
4268,1
4269,0
4270,0
4271,0
4272,0
4273,1
4274,0
4275,0
4276,0
4277,1
4278,0
4279,1
4280,0
4281,0
4282,0
4283,1
4284,1
4285,0
4286,0
4287,0
4288,1
4289,1
4290,0
4291,0
4292,0
4293,1
4294,0
4295,1
4296,0
4297,1
4298,0
4299,0
4300,0
4301,0
4302,1
4303,1
4304,1
4305,0
4306,1
4307,1
4308,0
4309,0
4310,0
4311,0
4312,1
4313,0
4314,0
4315,0
4316,0
4317,0
4318,1
4319,1
4320,1
4321,0
4322,1
4323,0
4324,1
4325,1
4326,0
4327,1
4328,0
4329,1
4330,0
4331,0
4332,1
4333,1
4334,1
4335,0
4336,1
4337,1
4338,0
4339,1
4340,0
4341,0
4342,1
4343,0
4344,1
4345,0
4346,1
4347,0
4348,0
4349,0
4350,0
4351,0
4352,1
4353,0
4354,0
4355,0
4356,1
4357,1
4358,0
4359,1
4360,1
4361,1
4362,1
4363,1
4364,1
4365,1
4366,0
4367,0
4368,0
4369,0
4370,1
4371,0
4372,1
4373,1
4374,1
4375,0
4376,1
4377,0
4378,0
4379,0
4380,0
4381,0
4382,1
4383,0
4384,0
4385,0
4386,1
4387,1
4388,0
4389,1
4390,0
4391,1
4392,0
4393,0
4394,0
4395,1
4396,1
4397,0
4398,1
4399,0
4400,1
4401,1
4402,0
4403,0
4404,1
4405,0
4406,1
4407,0
4408,1
4409,0
4410,0
4411,1
4412,1
4413,0
4414,1
4415,0
4416,0
4417,0
4418,0
4419,0
4420,1
4421,1
4422,1
4423,1
4424,0
4425,1
4426,0
4427,1
4428,1
4429,0
4430,1
4431,0
4432,0
4433,1
4434,1
4435,1
4436,0
4437,1
4438,0
4439,1
4440,0
4441,0
4442,0
4443,0
4444,0
4445,1
4446,1
4447,1
4448,0
4449,0
4450,0
4451,1
4452,1
4453,0
4454,1
4455,0
4456,1
4457,0
4458,1
4459,0
4460,0
4461,0
4462,0
4463,0
4464,0
4465,1
4466,0
4467,0
4468,0
4469,1
4470,1
4471,0
4472,0
4473,1
4474,1
4475,1
4476,1
4477,1
4478,1
4479,1
4480,0
4481,1
4482,1
4483,0
4484,1
4485,0
4486,1
4487,1
4488,0
4489,1
4490,1
4491,0
4492,0
4493,1
4494,1
4495,1
4496,0
4497,0
4498,1
4499,0
4500,0
4501,0
4502,1
4503,1
4504,0
4505,1
4506,0
4507,1
4508,0
4509,0
4510,1
4511,1
4512,1
4513,1
4514,1
4515,0
4516,0
4517,0
4518,0
4519,0
4520,1
4521,0
4522,1
4523,1
4524,0
4525,1
4526,0
4527,1
4528,0
4529,0
4530,1
4531,1
4532,1
4533,1
4534,1
4535,1
4536,0
4537,1
4538,0
4539,0
4540,0
4541,0
4542,0
4543,1
4544,0
4545,0
4546,0
4547,1
4548,1
4549,1
4550,1
4551,1
4552,0
4553,0
4554,0
4555,1
4556,0
4557,0
4558,1
4559,1
4560,1
4561,1
4562,1
4563,1
4564,1
4565,0
4566,1
4567,1
4568,0
4569,1
4570,1
4571,0
4572,1
4573,0
4574,1
4575,0
4576,1
4577,0
4578,0
4579,0
4580,0
4581,0
4582,1
4583,1
4584,0
4585,0
4586,0
4587,0
4588,0
4589,1
4590,1
4591,0
4592,1
4593,0
4594,0
4595,0
4596,0
4597,0
4598,1
4599,0
4600,0
4601,1
4602,0
4603,1
4604,0
4605,1
4606,0
4607,0
4608,0
4609,1
4610,0
4611,0
4612,0
4613,0
4614,1
4615,0
4616,1
4617,1
4618,0
4619,1
4620,1
4621,1
4622,1
4623,1
4624,0
4625,0
4626,1
4627,0
4628,1
4629,1
4630,1
4631,0
4632,0
4633,0
4634,1
4635,1
4636,0
4637,0
4638,1
4639,1
4640,0
4641,0
4642,0
4643,0
4644,1
4645,1
4646,1
4647,0
4648,0
4649,1
4650,0
4651,0
4652,1
4653,0
4654,1
4655,0
4656,0
4657,1
4658,0
4659,0
4660,0
4661,0
4662,0
4663,1
4664,0
4665,1
4666,0
4667,1
4668,0
4669,0
4670,1
4671,0
4672,1
4673,1
4674,0
4675,0
4676,1
4677,0
4678,1
4679,1
4680,0
4681,1
4682,1
4683,1
4684,0
4685,1
4686,1
4687,1
4688,0
4689,1
4690,0
4691,1
4692,1
4693,0
4694,1
4695,0
4696,0
4697,1
4698,1
4699,1
4700,1
4701,0
4702,0
4703,0
4704,0
4705,0
4706,1
4707,1
4708,0
4709,1
4710,0
4711,0
4712,1
4713,0
4714,0
4715,1
4716,1
4717,0
4718,0
4719,1
4720,0
4721,0
4722,1
4723,1
4724,0
4725,0
4726,0
4727,0
4728,1
4729,0
4730,1
4731,0
4732,1
4733,1
4734,0
4735,1
4736,0
4737,0
4738,0
4739,1
4740,0
4741,0
4742,0
4743,0
4744,0
4745,0
4746,0
4747,1
4748,1
4749,0
4750,1
4751,0
4752,1
4753,0
4754,0
4755,0
4756,1
4757,1
4758,0
4759,0
4760,0
4761,0
4762,1
4763,1
4764,1
4765,0
4766,1
4767,1
4768,1
4769,1
4770,0
4771,1
4772,0
4773,0
4774,0
4775,0
4776,0
4777,1
4778,1
4779,1
4780,0
4781,1
4782,1
4783,1
4784,0
4785,1
4786,1
4787,0
4788,1
4789,0
4790,0
4791,1
4792,1
4793,1
4794,0
4795,1
4796,0
4797,0
4798,0
4799,1
4800,0
4801,0
4802,1
4803,0
4804,0
4805,1
4806,1
4807,0
4808,1
4809,0
4810,1
4811,0
4812,1
4813,1
4814,1
4815,0
4816,0
4817,1
4818,0
4819,0
4820,1
4821,1
4822,0
4823,0
4824,0
4825,0
4826,1
4827,0
4828,1
4829,0
4830,1
4831,0
4832,0
4833,1
4834,0
4835,1
4836,1
4837,0
4838,0
4839,1
4840,1
4841,1
4842,0
4843,1
4844,1
4845,1
4846,0
4847,1
4848,1
4849,0
4850,0
4851,0
4852,1
4853,0
4854,0
4855,0
4856,0
4857,1
4858,1
4859,0
4860,1
4861,0
4862,0
4863,0
4864,0
4865,1
4866,0
4867,0
4868,0
4869,1
4870,1
4871,1
4872,1
4873,0
4874,0
4875,0
4876,1
4877,0
4878,0
4879,0
4880,1
4881,1
4882,1
4883,1
4884,0
4885,1
4886,1
4887,1
4888,0
4889,1
4890,1
4891,1
4892,0
4893,1
4894,0
4895,0
4896,1
4897,0
4898,1
4899,1
4900,0
4901,0
4902,0
4903,1
4904,0
4905,1
4906,0
4907,1
4908,0
4909,0
4910,1
4911,0
4912,1
4913,0
4914,0
4915,1
4916,0
4917,0
4918,1
4919,0
4920,1
4921,1
4922,1
4923,0
4924,0
4925,1
4926,1
4927,0
4928,1
4929,0
4930,0
4931,1
4932,1
4933,0
4934,1
4935,1
4936,1
4937,0
4938,1
4939,1
4940,1
4941,0
4942,1
4943,0
4944,1
4945,1
4946,0
4947,1
4948,1
4949,1
4950,1
4951,0
4952,1
4953,0
4954,1
4955,0
4956,1
4957,0
4958,0
4959,0
4960,1
4961,1
4962,0
4963,0
4964,1
4965,1
4966,0
4967,0
4968,0
4969,0
4970,1
4971,1
4972,0
4973,1
4974,1
4975,0
4976,1
4977,1
4978,0
4979,1
4980,0
4981,0
4982,0
4983,1
4984,0
4985,0
4986,1
4987,1
4988,0
4989,0
4990,0
4991,0
4992,1
4993,1
4994,0
4995,1
4996,1
4997,1
4998,0
4999,1
5000,1
5001,1
5002,0
5003,1
5004,1
5005,0
5006,0
5007,1
5008,0
5009,0
5010,1
5011,1
5012,0
5013,0
5014,1
5015,1
5016,0
5017,1
5018,0
5019,0
5020,0
5021,1
5022,0
5023,1
5024,1
5025,1
5026,0
5027,0
5028,0
5029,0
5030,0
5031,1
5032,0
5033,0
5034,0
5035,0
5036,0
5037,1
5038,1
5039,0
5040,1
5041,1
5042,0
5043,1
5044,0
5045,0
5046,1
5047,0
5048,0
5049,1
5050,1
5051,0
5052,0
5053,0
5054,1
5055,0
5056,1
5057,1
5058,0
5059,0
5060,0
5061,0
5062,0
5063,1
5064,1
5065,1
5066,0
5067,1
5068,1
5069,0
5070,0
5071,0
5072,1
5073,1
5074,0
5075,0
5076,0
5077,0
5078,1
5079,0
5080,0
5081,0
5082,1
5083,0
5084,1
5085,0
5086,1
5087,0
5088,0
5089,1
5090,0
5091,0
5092,0
5093,0
5094,0
5095,1
5096,0
5097,0
5098,1
5099,0
5100,0
5101,0
5102,0
5103,1
5104,1
5105,1
5106,0
5107,0
5108,0
5109,0
5110,1
5111,1
5112,1
5113,1
5114,1
5115,0
5116,0
5117,1
5118,1
5119,1
5120,1
5121,0
5122,1
5123,1
5124,0
5125,0
5126,1
5127,1
5128,0
5129,1
5130,0
5131,1
5132,1
5133,0
5134,1
5135,0
5136,1
5137,0
5138,0
5139,1
5140,1
5141,1
5142,1
5143,1
5144,1
5145,0
5146,1
5147,1
5148,0
5149,1
5150,1
5151,1
5152,1
5153,1
5154,0
5155,1
5156,1
5157,0
5158,0
5159,0
5160,1
5161,0
5162,1
5163,1
5164,1
5165,0
5166,0
5167,0
5168,0
5169,1
5170,1
5171,0
5172,1
5173,0
5174,1
5175,1
5176,0
5177,1
5178,1
5179,0
5180,1
5181,1
5182,0
5183,0
5184,1
5185,1
5186,0
5187,1
5188,1
5189,0
5190,1
5191,0
5192,1
5193,1
5194,1
5195,0
5196,1
5197,0
5198,1
5199,0
5200,1
5201,1
5202,0
5203,1
5204,0
5205,1
5206,1
5207,1
5208,0
5209,1
5210,1
5211,0
5212,0
5213,0
5214,0
5215,1
5216,1
5217,1
5218,0
5219,0
5220,1
5221,0
5222,0
5223,0
5224,0
5225,0
5226,0
5227,1
5228,1
5229,1
5230,0
5231,1
5232,1
5233,0
5234,1
5235,0
5236,0
5237,0
5238,0
5239,1
5240,1
5241,0
5242,0
5243,1
5244,0
5245,0
5246,0
5247,1
5248,0
5249,1
5250,0
5251,0
5252,0
5253,1
5254,0
5255,0
5256,0
5257,1
5258,1
5259,0
5260,0
5261,1
5262,0
5263,0
5264,0
5265,1
5266,0
5267,0
5268,0
5269,0
5270,0
5271,0
5272,1
5273,0
5274,0
5275,0
5276,0
5277,1
5278,0
5279,1
5280,1
5281,1
5282,0
5283,1
5284,0
5285,0
5286,1
5287,0
5288,0
5289,1
5290,1
5291,0
5292,1
5293,1
5294,0
5295,1
5296,1
5297,1
5298,0
5299,0
5300,0
5301,0
5302,0
5303,1
5304,1
5305,0
5306,1
5307,1
5308,0
5309,1
5310,0
5311,1
5312,0
5313,0
5314,0
5315,0
5316,0
5317,0
5318,0
5319,0
5320,0
5321,0
5322,1
5323,1
5324,0
5325,1
5326,0
5327,0
5328,0
5329,1
5330,1
5331,1
5332,1
5333,1
5334,0
5335,1
5336,1
5337,1
5338,0
5339,1
5340,0
5341,0
5342,0
5343,1
5344,1
5345,0
5346,1
5347,0
5348,0
5349,1
5350,1
5351,1
5352,0
5353,1
5354,0
5355,0
5356,1
5357,0
5358,1
5359,0
5360,1
5361,1
5362,0
5363,0
5364,1
5365,0
5366,0
5367,1
5368,1
5369,0
5370,1
5371,0
5372,1
5373,0
5374,0
5375,1
5376,0
5377,0
5378,1
5379,0
5380,1
5381,1
5382,0
5383,0
5384,1
5385,0
5386,0
5387,0
5388,0
5389,0
5390,1
5391,1
5392,0
5393,0
5394,1
5395,1
5396,0
5397,0
5398,1
5399,0
5400,1
5401,1
5402,0
5403,0
5404,0
5405,1
5406,1
5407,0
5408,1
5409,0
5410,0
5411,1
5412,0
5413,1
5414,0
5415,1
5416,1
5417,0
5418,1
5419,0
5420,0
5421,0
5422,1
5423,1
5424,1
5425,0
5426,0
5427,0
5428,1
5429,1
5430,1
5431,0
5432,0
5433,1
5434,1
5435,1
5436,1
5437,1
5438,1
5439,1
5440,0
5441,0
5442,1
5443,0
5444,0
5445,1
5446,1
5447,0
5448,0
5449,1
5450,0
5451,0
5452,1
5453,1
5454,0
5455,0
5456,1
5457,0
5458,0
5459,0
5460,0
5461,1
5462,0
5463,1
5464,1
5465,1
5466,0
5467,0
5468,1
5469,0
5470,1
5471,1
5472,1
5473,1
5474,1
5475,0
5476,0
5477,1
5478,0
5479,1
5480,1
5481,0
5482,0
5483,1
5484,1
5485,0
5486,0
5487,1
5488,0
5489,1
5490,1
5491,0
5492,0
5493,0
5494,1
5495,1
5496,0
5497,0
5498,1
5499,0
5500,1
5501,1
5502,0
5503,0
5504,0
5505,1
5506,0
5507,0
5508,0
5509,1
5510,0
5511,0
5512,0
5513,0
5514,1
5515,0
5516,0
5517,1
5518,1
5519,1
5520,0
5521,0
5522,1
5523,0
5524,1
5525,0
5526,0
5527,0
5528,1
5529,1
5530,0
5531,1
5532,0
5533,1
5534,1
5535,0
5536,0
5537,1
5538,1
5539,0
5540,1
5541,0
5542,0
5543,0
5544,1
5545,1
5546,0
5547,1
5548,0
5549,0
5550,1
5551,0
5552,0
5553,1
5554,1
5555,1
5556,0
5557,1
5558,0
5559,0
5560,1
5561,1
5562,0
5563,0
5564,1
5565,0
5566,0
5567,1
5568,0
5569,0
5570,0
5571,0
5572,0
5573,0
5574,1
5575,1
5576,0
5577,0
5578,0
5579,0
5580,1
5581,0
5582,1
5583,1
5584,0
5585,1
5586,1
5587,0
5588,0
5589,0
5590,0
5591,1
5592,0
5593,1
5594,1
5595,1
5596,0
5597,1
5598,0
5599,0
5600,1
5601,1
5602,1
5603,0
5604,1
5605,0
5606,0
5607,0
5608,1
5609,0
5610,0
5611,0
5612,1
5613,1
5614,0
5615,0
5616,0
5617,0
5618,0
5619,0
5620,1
5621,0
5622,0
5623,1
5624,1
5625,1
5626,0
5627,0
5628,1
5629,1
5630,1
5631,0
5632,1
5633,1
5634,0
5635,1
5636,1
5637,0
5638,0
5639,1
5640,1
5641,0
5642,1
5643,0
5644,1
5645,1
5646,1
5647,0
5648,0
5649,0
5650,1
5651,1
5652,0
5653,0
5654,0
5655,0
5656,1
5657,1
5658,0
5659,1
5660,0
5661,1
5662,0
5663,1
5664,1
5665,1
5666,1
5667,1
5668,0
5669,0
5670,1
5671,1
5672,0
5673,1
5674,0
5675,1
5676,1
5677,0
5678,1
5679,1
5680,1
5681,1
5682,0
5683,0
5684,1
5685,0
5686,0
5687,0
5688,1
5689,1
5690,1
5691,0
5692,1
5693,1
5694,1
5695,0
5696,1
5697,0
5698,0
5699,0
5700,0
5701,1
5702,1
5703,0
5704,1
5705,0
5706,0
5707,1
5708,1
5709,0
5710,0
5711,0
5712,0
5713,0
5714,1
5715,1
5716,0
5717,0
5718,0
5719,1
5720,0
5721,0
5722,1
5723,1
5724,0
5725,0
5726,0
5727,1
5728,0
5729,0
5730,0
5731,0
5732,0
5733,0
5734,0
5735,0
5736,0
5737,0
5738,0
5739,1
5740,0
5741,1
5742,1
5743,0
5744,0
5745,1
5746,1
5747,0
5748,1
5749,1
5750,1
5751,1
5752,1
5753,0
5754,0
5755,0
5756,1
5757,1
5758,0
5759,0
5760,1
5761,0
5762,1
5763,0
5764,1
5765,1
5766,0
5767,0
5768,0
5769,0
5770,1
5771,0
5772,1
5773,0
5774,0
5775,1
5776,0
5777,1
5778,0
5779,1
5780,1
5781,1
5782,0
5783,0
5784,1
5785,0
5786,1
5787,0
5788,0
5789,0
5790,1
5791,0
5792,0
5793,1
5794,0
5795,1
5796,1
5797,1
5798,1
5799,1
5800,0
5801,0
5802,1
5803,0
5804,1
5805,1
5806,0
5807,1
5808,0
5809,1
5810,1
5811,0
5812,1
5813,0
5814,0
5815,0
5816,0
5817,0
5818,0
5819,1
5820,0
5821,1
5822,1
5823,1
5824,1
5825,1
5826,0
5827,1
5828,1
5829,1
5830,0
5831,0
5832,0
5833,0
5834,0
5835,0
5836,0
5837,0
5838,1
5839,1
5840,1
5841,1
5842,1
5843,1
5844,0
5845,0
5846,0
5847,1
5848,1
5849,1
5850,0
5851,0
5852,1
5853,0
5854,1
5855,1
5856,0
5857,0
5858,1
5859,0
5860,1
5861,1
5862,1
5863,1
5864,0
5865,0
5866,0
5867,1
5868,0
5869,0
5870,0
5871,0
5872,1
5873,1
5874,1
5875,0
5876,1
5877,0
5878,0
5879,1
5880,0
5881,0
5882,0
5883,0
5884,1
5885,0
5886,1
5887,0
5888,0
5889,0
5890,1
5891,1
5892,0
5893,0
5894,0
5895,1
5896,1
5897,1
5898,0
5899,1
5900,1
5901,1
5902,1
5903,1
5904,0
5905,1
5906,1
5907,1
5908,1
5909,0
5910,0
5911,1
5912,1
5913,1
5914,0
5915,0
5916,1
5917,1
5918,0
5919,1
5920,1
5921,0
5922,0
5923,0
5924,0
5925,1
5926,0
5927,0
5928,1
5929,0
5930,0
5931,1
5932,0
5933,0
5934,0
5935,0
5936,1
5937,0
5938,0
5939,1
5940,0
5941,0
5942,1
5943,1
5944,0
5945,1
5946,1
5947,1
5948,0
5949,1
5950,0
5951,1
5952,1
5953,0
5954,1
5955,1
5956,1
5957,0
5958,1
5959,0
5960,1
5961,0
5962,0
5963,0
5964,0
5965,0
5966,1
5967,0
5968,1
5969,0
5970,0
5971,1
5972,1
5973,0
5974,0
5975,1
5976,0
5977,1
5978,1
5979,1
5980,0
5981,0
5982,0
5983,0
5984,1
5985,1
5986,1
5987,0
5988,0
5989,0
5990,1
5991,1
5992,1
5993,0
5994,0
5995,1
5996,0
5997,0
5998,1
5999,0
6000,1
6001,0
6002,0
6003,0
6004,1
6005,1
6006,1
6007,0
6008,1
6009,0
6010,0
6011,1
6012,1
6013,0
6014,0
6015,0
6016,1
6017,0
6018,1
6019,0
6020,0
6021,1
6022,1
6023,0
6024,0
6025,0
6026,1
6027,0
6028,0
6029,0
6030,1
6031,0
6032,1
6033,1
6034,1
6035,1
6036,1
6037,1
6038,0
6039,1
6040,0
6041,1
6042,0
6043,1
6044,1
6045,1
6046,0
6047,1
6048,1
6049,1
6050,1
6051,1
6052,1
6053,0
6054,0
6055,0
6056,1
6057,1
6058,0
6059,1
6060,1
6061,0
6062,1
6063,1
6064,0
6065,1
6066,0
6067,1
6068,0
6069,1
6070,1
6071,0
6072,0
6073,1
6074,1
6075,1
6076,0
6077,1
6078,1
6079,1
6080,1
6081,1
6082,1
6083,1
6084,1
6085,1
6086,1
6087,1
6088,1
6089,1
6090,0
6091,1
6092,0
6093,1
6094,1
6095,0
6096,0
6097,1
6098,0
6099,0
6100,0
6101,1
6102,1
6103,1
6104,1
6105,1
6106,1
6107,0
6108,1
6109,1
6110,0
6111,1
6112,0
6113,1
6114,1
6115,1
6116,0
6117,1
6118,0
6119,0
6120,0
6121,1
6122,1
6123,1
6124,1
6125,1
6126,0
6127,1
6128,1
6129,1
6130,0
6131,1
6132,1
6133,0
6134,0
6135,0
6136,1
6137,1
6138,1
6139,0
6140,1
6141,1
6142,1
6143,1
6144,1
6145,0
6146,1
6147,1
6148,0
6149,0
6150,0
6151,1
6152,0
6153,1
6154,1
6155,0
6156,1
6157,1
6158,0
6159,1
6160,0
6161,1
6162,0
6163,0
6164,0
6165,1
6166,1
6167,1
6168,0
6169,0
6170,0
6171,1
6172,0
6173,1
6174,1
6175,0
6176,1
6177,1
6178,1
6179,1
6180,1
6181,0
6182,0
6183,0
6184,0
6185,1
6186,0
6187,1
6188,0
6189,1
6190,1
6191,1
6192,0
6193,0
6194,0
6195,0
6196,1
6197,1
6198,0
6199,0
6200,1
6201,1
6202,1
6203,0
6204,1
6205,0
6206,0
6207,0
6208,1
6209,0
6210,1
6211,1
6212,1
6213,1
6214,1
6215,1
6216,1
6217,0
6218,0
6219,0
6220,0
6221,1
6222,1
6223,0
6224,1
6225,0
6226,0
6227,1
6228,0
6229,1
6230,1
6231,1
6232,0
6233,0
6234,0
6235,0
6236,0
6237,0
6238,1
6239,1
6240,1
6241,0
6242,1
6243,0
6244,1
6245,0
6246,0
6247,1
6248,0
6249,1
6250,1
6251,0
6252,1
6253,1
6254,0
6255,1
6256,1
6257,1
6258,1
6259,0
6260,0
6261,1
6262,1
6263,0
6264,0
6265,1
6266,1
6267,1
6268,0
6269,1
6270,1
6271,0
6272,1
6273,1
6274,0
6275,0
6276,0
6277,0
6278,0
6279,1
6280,1
6281,0
6282,1
6283,0
6284,1
6285,0
6286,0
6287,0
6288,0
6289,0
6290,1
6291,0
6292,1
6293,1
6294,0
6295,0
6296,0
6297,1
6298,0
6299,1
6300,1
6301,0
6302,1
6303,0
6304,0
6305,0
6306,1
6307,0
6308,0
6309,0
6310,1
6311,0
6312,1
6313,1
6314,0
6315,0
6316,0
6317,0
6318,1
6319,0
6320,0
6321,0
6322,1
6323,0
6324,0
6325,1
6326,1
6327,1
6328,0
6329,1
6330,1
6331,0
6332,0
6333,1
6334,0
6335,0
6336,0
6337,1
6338,1
6339,0
6340,1
6341,1
6342,0
6343,1
6344,1
6345,1
6346,0
6347,0
6348,0
6349,1
6350,1
6351,1
6352,1
6353,0
6354,0
6355,0
6356,1
6357,0
6358,1
6359,0
6360,0
6361,1
6362,0
6363,0
6364,0
6365,1
6366,1
6367,0
6368,1
6369,1
6370,1
6371,1
6372,0
6373,1
6374,1
6375,0
6376,1
6377,1
6378,1
6379,1
6380,1
6381,0
6382,1
6383,1
6384,0
6385,1
6386,1
6387,1
6388,1
6389,1
6390,1
6391,0
6392,0
6393,0
6394,1
6395,1
6396,0
6397,0
6398,1
6399,0
6400,0
6401,0
6402,0
6403,0
6404,0
6405,0
6406,0
6407,1
6408,1
6409,1
6410,1
6411,0
6412,1
6413,1
6414,1
6415,0
6416,1
6417,0
6418,0
6419,0
6420,0
6421,0
6422,0
6423,1
6424,1
6425,1
6426,0
6427,1
6428,1
6429,1
6430,1
6431,1
6432,0
6433,1
6434,0
6435,1
6436,1
6437,0
6438,0
6439,0
6440,1
6441,1
6442,1
6443,0
6444,1
6445,0
6446,0
6447,0
6448,0
6449,0
6450,1
6451,1
6452,0
6453,0
6454,0
6455,1
6456,0
6457,0
6458,0
6459,0
6460,1
6461,0
6462,0
6463,1
6464,1
6465,0
6466,0
6467,0
6468,0
6469,0
6470,0
6471,1
6472,1
6473,1
6474,0
6475,0
6476,1
6477,0
6478,1
6479,0
6480,1
6481,1
6482,0
6483,1
6484,0
6485,1
6486,1
6487,0
6488,1
6489,0
6490,1
6491,1
6492,0
6493,0
6494,0
6495,1
6496,0
6497,1
6498,1
6499,0
6500,1
6501,0
6502,1
6503,0
6504,1
6505,0
6506,0
6507,0
6508,0
6509,0
6510,0
6511,1
6512,0
6513,1
6514,0
6515,0
6516,0
6517,0
6518,1
6519,1
6520,1
6521,0
6522,0
6523,1
6524,0
6525,1
6526,0
6527,1
6528,0
6529,0
6530,0
6531,1
6532,1
6533,1
6534,0
6535,0
6536,1
6537,0
6538,1
6539,0
6540,0
6541,0
6542,1
6543,1
6544,1
6545,1
6546,0
6547,0
6548,0
6549,1
6550,1
6551,1
6552,1
6553,0
6554,0
6555,0
6556,0
6557,1
6558,1
6559,0
6560,0
6561,0
6562,0
6563,1
6564,1
6565,0
6566,1
6567,0
6568,1
6569,1
6570,1
6571,1
6572,0
6573,1
6574,1
6575,0
6576,0
6577,1
6578,0
6579,1
6580,1
6581,0
6582,0
6583,1
6584,1
6585,0
6586,0
6587,1
6588,0
6589,0
6590,1
6591,1
6592,1
6593,0
6594,0
6595,0
6596,0
6597,1
6598,1
6599,0
6600,0
6601,1
6602,1
6603,0
6604,1
6605,0
6606,1
6607,1
6608,0
6609,1
6610,1
6611,1
6612,1
6613,1
6614,1
6615,1
6616,1
6617,1
6618,0
6619,1
6620,0
6621,0
6622,0
6623,0
6624,1
6625,0
6626,0
6627,0
6628,0
6629,1
6630,0
6631,0
6632,1
6633,0
6634,1
6635,0
6636,1
6637,1
6638,1
6639,0
6640,1
6641,1
6642,0
6643,0
6644,0
6645,0
6646,1
6647,0
6648,1
6649,1
6650,1
6651,1
6652,1
6653,1
6654,0
6655,0
6656,1
6657,0
6658,0
6659,0
6660,0
6661,1
6662,1
6663,1
6664,0
6665,1
6666,1
6667,0
6668,1
6669,0
6670,0
6671,1
6672,1
6673,1
6674,0
6675,0
6676,1
6677,0
6678,0
6679,0
6680,0
6681,0
6682,0
6683,1
6684,0
6685,1
6686,1
6687,0
6688,1
6689,1
6690,0
6691,1
6692,0
6693,0
6694,1
6695,0
6696,1
6697,1
6698,1
6699,0
6700,0
6701,0
6702,1
6703,1
6704,1
6705,0
6706,0
6707,1
6708,0
6709,1
6710,1
6711,1
6712,1
6713,1
6714,0
6715,1
6716,0
6717,1
6718,1
6719,0
6720,0
6721,0
6722,1
6723,0
6724,1
6725,0
6726,1
6727,1
6728,0
6729,1
6730,0
6731,1
6732,1
6733,0
6734,0
6735,0
6736,0
6737,0
6738,0
6739,0
6740,0
6741,1
6742,1
6743,1
6744,1
6745,1
6746,1
6747,1
6748,0
6749,0
6750,0
6751,1
6752,0
6753,1
6754,0
6755,0
6756,0
6757,1
6758,1
6759,0
6760,1
6761,1
6762,1
6763,1
6764,0
6765,0
6766,1
6767,0
6768,1
6769,1
6770,0
6771,0
6772,0
6773,1
6774,1
6775,0
6776,0
6777,1
6778,1
6779,1
6780,0
6781,0
6782,1
6783,1
6784,0
6785,1
6786,0
6787,0
6788,1
6789,1
6790,1
6791,0
6792,0
6793,0
6794,0
6795,0
6796,1
6797,1
6798,0
6799,0
6800,0
6801,1
6802,0
6803,0
6804,1
6805,0
6806,1
6807,1
6808,1
6809,0
6810,0
6811,0
6812,0
6813,1
6814,0
6815,1
6816,0
6817,1
6818,1
6819,0
6820,0
6821,1
6822,1
6823,0
6824,0
6825,0
6826,0
6827,0
6828,1
6829,0
6830,0
6831,1
6832,1
6833,1
6834,0
6835,1
6836,1
6837,1
6838,1
6839,1
6840,0
6841,1
6842,0
6843,1
6844,0
6845,1
6846,0
6847,0
6848,1
6849,0
6850,1
6851,0
6852,1
6853,0
6854,0
6855,0
6856,1
6857,1
6858,0
6859,0
6860,0
6861,0
6862,0
6863,0
6864,1
6865,0
6866,0
6867,0
6868,1
6869,1
6870,1
6871,1
6872,1
6873,1
6874,1
6875,0
6876,0
6877,1
6878,1
6879,0
6880,1
6881,1
6882,1
6883,0
6884,0
6885,1
6886,1
6887,1
6888,1
6889,1
6890,1
6891,0
6892,0
6893,0
6894,1
6895,0
6896,1
6897,0
6898,1
6899,0
6900,1
6901,1
6902,0
6903,1
6904,0
6905,1
6906,1
6907,0
6908,0
6909,1
6910,0
6911,0
6912,0
6913,0
6914,1
6915,1
6916,0
6917,1
6918,0
6919,1
6920,0
6921,1
6922,0
6923,0
6924,0
6925,1
6926,1
6927,1
6928,1
6929,1
6930,1
6931,1
6932,0
6933,0
6934,0
6935,0
6936,1
6937,0
6938,1
6939,0
6940,0
6941,1
6942,0
6943,0
6944,0
6945,1
6946,0
6947,0
6948,0
6949,1
6950,1
6951,1
6952,0
6953,1
6954,0
6955,1
6956,1
6957,0
6958,1
6959,1
6960,0
6961,0
6962,1
6963,1
6964,0
6965,0
6966,1
6967,1
6968,0
6969,1
6970,0
6971,0
6972,1
6973,1
6974,1
6975,0
6976,0
6977,0
6978,1
6979,0
6980,0
6981,1
6982,1
6983,0
6984,1
6985,1
6986,0
6987,1
6988,0
6989,1
6990,0
6991,1
6992,0
6993,0
6994,1
6995,0
6996,1
6997,1
6998,0
6999,0
7000,1
7001,1
7002,1
7003,0
7004,0
7005,0
7006,1
7007,0
7008,0
7009,0
7010,1
7011,1
7012,0
7013,0
7014,0
7015,1
7016,1
7017,1
7018,1
7019,0
7020,1
7021,0
7022,0
7023,1
7024,0
7025,1
7026,0
7027,0
7028,0
7029,0
7030,1
7031,1
7032,0
7033,0
7034,0
7035,1
7036,1
7037,1
7038,1
7039,1
7040,1
7041,0
7042,1
7043,0
7044,0
7045,1
7046,0
7047,0
7048,1
7049,0
7050,0
7051,1
7052,1
7053,0
7054,1
7055,1
7056,1
7057,1
7058,1
7059,1
7060,0
7061,1
7062,1
7063,0
7064,1
7065,0
7066,0
7067,1
7068,1
7069,1
7070,0
7071,0
7072,1
7073,0
7074,1
7075,1
7076,0
7077,1
7078,1
7079,1
7080,0
7081,0
7082,1
7083,1
7084,1
7085,1
7086,0
7087,1
7088,1
7089,0
7090,1
7091,0
7092,1
7093,0
7094,0
7095,1
7096,0
7097,1
7098,1
7099,0
7100,1
7101,1
7102,1
7103,1
7104,0
7105,1
7106,0
7107,0
7108,0
7109,1
7110,1
7111,0
7112,0
7113,1
7114,1
7115,0
7116,1
7117,1
7118,1
7119,0
7120,1
7121,1
7122,0
7123,1
7124,1
7125,1
7126,1
7127,1
7128,1
7129,0
7130,1
7131,1
7132,1
7133,0
7134,1
7135,0
7136,1
7137,1
7138,0
7139,0
7140,1
7141,1
7142,1
7143,0
7144,1
7145,1
7146,0
7147,0
7148,1
7149,0
7150,0
7151,1
7152,0
7153,1
7154,0
7155,0
7156,1
7157,1
7158,0
7159,1
7160,1
7161,1
7162,1
7163,1
7164,1
7165,1
7166,0
7167,0
7168,0
7169,1
7170,1
7171,1
7172,0
7173,1
7174,0
7175,0
7176,0
7177,1
7178,0
7179,0
7180,1
7181,0
7182,1
7183,1
7184,0
7185,1
7186,0
7187,1
7188,1
7189,0
7190,1
7191,0
7192,0
7193,1
7194,1
7195,0
7196,0
7197,0
7198,0
7199,1
7200,0
7201,1
7202,1
7203,1
7204,0
7205,1
7206,1
7207,0
7208,1
7209,1
7210,1
7211,0
7212,0
7213,0
7214,1
7215,0
7216,0
7217,0
7218,1
7219,1
7220,0
7221,1
7222,1
7223,0
7224,0
7225,1
7226,0
7227,0
7228,0
7229,1
7230,1
7231,0
7232,0
7233,0
7234,0
7235,0
7236,1
7237,0
7238,1
7239,1
7240,0
7241,0
7242,1
7243,0
7244,1
7245,1
7246,0
7247,1
7248,0
7249,1
7250,0
7251,0
7252,0
7253,0
7254,1
7255,0
7256,1
7257,1
7258,0
7259,0
7260,1
7261,1
7262,0
7263,0
7264,1
7265,1
7266,1
7267,0
7268,0
7269,1
7270,1
7271,1
7272,1
7273,0
7274,0
7275,1
7276,0
7277,1
7278,0
7279,1
7280,0
7281,0
7282,0
7283,1
7284,0
7285,1
7286,0
7287,0
7288,1
7289,1
7290,0
7291,0
7292,1
7293,0
7294,1
7295,0
7296,1
7297,1
7298,0
7299,1
7300,0
7301,0
7302,1
7303,0
7304,0
7305,1
7306,1
7307,0
7308,0
7309,0
7310,1
7311,1
7312,1
7313,0
7314,1
7315,1
7316,1
7317,1
7318,1
7319,0
7320,1
7321,0
7322,1
7323,1
7324,0
7325,0
7326,1
7327,0
7328,1
7329,1
7330,0
7331,1
7332,0
7333,0
7334,0
7335,1
7336,1
7337,0
7338,1
7339,0
7340,1
7341,1
7342,1
7343,0
7344,0
7345,1
7346,0
7347,1
7348,0
7349,0
7350,0
7351,1
7352,1
7353,0
7354,1
7355,0
7356,1
7357,0
7358,1
7359,1
7360,0
7361,0
7362,0
7363,0
7364,1
7365,0
7366,1
7367,1
7368,1
7369,1
7370,1
7371,1
7372,1
7373,1
7374,0
7375,0
7376,1
7377,1
7378,1
7379,1
7380,1
7381,1
7382,0
7383,1
7384,1
7385,0
7386,1
7387,0
7388,1
7389,0
7390,0
7391,0
7392,0
7393,1
7394,1
7395,0
7396,0
7397,1
7398,1
7399,0
7400,0
7401,1
7402,0
7403,1
7404,1
7405,1
7406,0
7407,0
7408,0
7409,1
7410,0
7411,0
7412,1
7413,1
7414,1
7415,0
7416,1
7417,1
7418,0
7419,1
7420,0
7421,0
7422,1
7423,1
7424,0
7425,0
7426,1
7427,0
7428,0
7429,0
7430,1
7431,0
7432,1
7433,1
7434,1
7435,1
7436,1
7437,0
7438,1
7439,1
7440,0
7441,0
7442,1
7443,1
7444,1
7445,0
7446,0
7447,1
7448,1
7449,0
7450,1
7451,1
7452,0
7453,0
7454,1
7455,1
7456,0
7457,0
7458,1
7459,0
7460,0
7461,1
7462,0
7463,0
7464,1
7465,0
7466,1
7467,0
7468,1
7469,1
7470,0
7471,1
7472,0
7473,1
7474,1
7475,1
7476,0
7477,1
7478,0
7479,0
7480,1
7481,1
7482,0
7483,1
7484,1
7485,1
7486,1
7487,1
7488,1
7489,1
7490,0
7491,1
7492,1
7493,1
7494,0
7495,0
7496,1
7497,1
7498,0
7499,1
7500,1
7501,0
7502,1
7503,0
7504,1
7505,0
7506,1
7507,0
7508,1
7509,1
7510,1
7511,0
7512,0
7513,0
7514,0
7515,0
7516,1
7517,0
7518,0
7519,1
7520,1
7521,1
7522,0
7523,1
7524,0
7525,0
7526,0
7527,0
7528,0
7529,0
7530,0
7531,1
7532,1
7533,0
7534,0
7535,0
7536,1
7537,0
7538,1
7539,1
7540,1
7541,1
7542,1
7543,1
7544,0
7545,0
7546,0
7547,0
7548,1
7549,1
7550,0
7551,0
7552,1
7553,0
7554,1
7555,1
7556,1
7557,0
7558,1
7559,0
7560,1
7561,1
7562,1
7563,0
7564,1
7565,1
7566,0
7567,0
7568,0
7569,0
7570,1
7571,0
7572,1
7573,0
7574,0
7575,0
7576,1
7577,1
7578,0
7579,1
7580,0
7581,0
7582,1
7583,1
7584,0
7585,0
7586,0
7587,0
7588,0
7589,0
7590,0
7591,0
7592,0
7593,0
7594,0
7595,1
7596,0
7597,1
7598,0
7599,0
7600,1
7601,0
7602,0
7603,1
7604,1
7605,1
7606,0
7607,1
7608,0
7609,0
7610,0
7611,1
7612,1
7613,0
7614,0
7615,1
7616,1
7617,0
7618,1
7619,1
7620,1
7621,1
7622,0
7623,0
7624,0
7625,1
7626,1
7627,1
7628,1
7629,1
7630,1
7631,1
7632,0
7633,1
7634,0
7635,1
7636,1
7637,1
7638,0
7639,1
7640,1
7641,0
7642,1
7643,1
7644,0
7645,1
7646,0
7647,0
7648,0
7649,0
7650,1
7651,0
7652,1
7653,1
7654,0
7655,1
7656,0
7657,0
7658,0
7659,1
7660,1
7661,1
7662,0
7663,0
7664,1
7665,0
7666,0
7667,0
7668,0
7669,1
7670,0
7671,1
7672,1
7673,0
7674,0
7675,1
7676,1
7677,0
7678,1
7679,1
7680,0
7681,1
7682,0
7683,0
7684,1
7685,0
7686,1
7687,0
7688,0
7689,0
7690,0
7691,0
7692,1
7693,0
7694,0
7695,1
7696,1
7697,0
7698,0
7699,1
7700,0
7701,0
7702,0
7703,1
7704,1
7705,0
7706,0
7707,1
7708,0
7709,0
7710,0
7711,1
7712,1
7713,1
7714,0
7715,0
7716,1
7717,0
7718,1
7719,0
7720,0
7721,0
7722,0
7723,0
7724,0
7725,1
7726,0
7727,1
7728,1
7729,1
7730,0
7731,1
7732,0
7733,0
7734,0
7735,1
7736,1
7737,0
7738,1
7739,0
7740,1
7741,1
7742,1
7743,1
7744,1
7745,0
7746,0
7747,0
7748,0
7749,1
7750,0
7751,1
7752,1
7753,1
7754,0
7755,1
7756,1
7757,0
7758,1
7759,1
7760,0
7761,1
7762,0
7763,0
7764,0
7765,0
7766,0
7767,1
7768,0
7769,0
7770,0
7771,0
7772,0
7773,0
7774,0
7775,1
7776,1
7777,1
7778,0
7779,1
7780,0
7781,0
7782,0
7783,1
7784,1
7785,0
7786,0
7787,1
7788,0
7789,1
7790,1
7791,0
7792,0
7793,1
7794,1
7795,0
7796,0
7797,0
7798,0
7799,1
7800,1
7801,1
7802,1
7803,0
7804,0
7805,0
7806,0
7807,1
7808,0
7809,1
7810,0
7811,1
7812,1
7813,0
7814,1
7815,0
7816,0
7817,0
7818,1
7819,1
7820,1
7821,0
7822,1
7823,0
7824,1
7825,0
7826,1
7827,1
7828,1
7829,1
7830,1
7831,1
7832,1
7833,0
7834,0
7835,1
7836,1
7837,1
7838,0
7839,1
7840,0
7841,0
7842,1
7843,1
7844,0
7845,1
7846,1
7847,0
7848,0
7849,1
7850,1
7851,1
7852,0
7853,1
7854,0
7855,0
7856,1
7857,0
7858,1
7859,0
7860,0
7861,1
7862,0
7863,1
7864,1
7865,1
7866,0
7867,1
7868,0
7869,1
7870,1
7871,0
7872,0
7873,0
7874,0
7875,1
7876,1
7877,0
7878,1
7879,1
7880,1
7881,0
7882,0
7883,1
7884,0
7885,1
7886,0
7887,0
7888,0
7889,0
7890,0
7891,1
7892,1
7893,1
7894,1
7895,0
7896,1
7897,1
7898,0
7899,1
7900,1
7901,0
7902,1
7903,0
7904,1
7905,0
7906,0
7907,1
7908,1
7909,1
7910,0
7911,0
7912,1
7913,0
7914,1
7915,0
7916,0
7917,1
7918,0
7919,1
7920,0
7921,1
7922,0
7923,0
7924,0
7925,1
7926,0
7927,0
7928,0
7929,1
7930,1
7931,0
7932,1
7933,0
7934,0
7935,1
7936,0
7937,0
7938,0
7939,0
7940,1
7941,1
7942,1
7943,0
7944,0
7945,1
7946,0
7947,0
7948,1
7949,0
7950,1
7951,0
7952,0
7953,0
7954,1
7955,0
7956,1
7957,0
7958,0
7959,0
7960,1
7961,1
7962,1
7963,1
7964,0
7965,0
7966,0
7967,1
7968,0
7969,0
7970,0
7971,1
7972,1
7973,0
7974,0
7975,1
7976,0
7977,1
7978,0
7979,1
7980,1
7981,1
7982,0
7983,0
7984,0
7985,0
7986,1
7987,0
7988,0
7989,0
7990,1
7991,0
7992,1
7993,0
7994,0
7995,1
7996,0
7997,1
7998,0
7999,0
8000,0
8001,1
8002,1
8003,1
8004,1
8005,0
8006,1
8007,1
8008,1
8009,1
8010,1
8011,0
8012,1
8013,1
8014,1
8015,0
8016,1
8017,0
8018,0
8019,0
8020,0
8021,0
8022,1
8023,0
8024,0
8025,0
8026,0
8027,0
8028,0
8029,1
8030,0
8031,1
8032,1
8033,0
8034,0
8035,0
8036,1
8037,0
8038,1
8039,0
8040,0
8041,0
8042,0
8043,1
8044,0
8045,0
8046,1
8047,1
8048,0
8049,0
8050,1
8051,1
8052,0
8053,0
8054,0
8055,0
8056,1
8057,0
8058,0
8059,1
8060,1
8061,1
8062,1
8063,0
8064,0
8065,1
8066,1
8067,1
8068,1
8069,1
8070,0
8071,0
8072,1
8073,1
8074,1
8075,1
8076,0
8077,0
8078,1
8079,0
8080,0
8081,0
8082,0
8083,0
8084,1
8085,1
8086,0
8087,0
8088,1
8089,0
8090,1
8091,1
8092,1
8093,0
8094,0
8095,0
8096,1
8097,0
8098,1
8099,1
8100,1
8101,0
8102,0
8103,1
8104,0
8105,1
8106,1
8107,0
8108,1
8109,0
8110,0
8111,1
8112,1
8113,0
8114,1
8115,1
8116,0
8117,1
8118,0
8119,0
8120,1
8121,0
8122,1
8123,0
8124,0
8125,1
8126,0
8127,0
8128,1
8129,0
8130,1
8131,0
8132,1
8133,1
8134,1
8135,0
8136,0
8137,0
8138,0
8139,0
8140,1
8141,0
8142,1
8143,0
8144,0
8145,0
8146,1
8147,0
8148,1
8149,0
8150,1
8151,1
8152,1
8153,0
8154,0
8155,1
8156,1
8157,0
8158,0
8159,1
8160,1
8161,0
8162,1
8163,1
8164,1
8165,1
8166,1
8167,0
8168,0
8169,0
8170,0
8171,1
8172,0
8173,0
8174,1
8175,1
8176,0
8177,1
8178,0
8179,0
8180,1
8181,1
8182,0
8183,0
8184,1
8185,1
8186,0
8187,0
8188,0
8189,0
8190,0
8191,0
8192,0
8193,0
8194,0
8195,0
8196,1
8197,0
8198,0
8199,0
8200,0
8201,1
8202,0
8203,0
8204,1
8205,0
8206,0
8207,0
8208,0
8209,1
8210,1
8211,0
8212,1
8213,0
8214,1
8215,1
8216,1
8217,1
8218,0
8219,0
8220,1
8221,1
8222,1
8223,0
8224,0
8225,0
8226,1
8227,0
8228,0
8229,1
8230,1
8231,1
8232,1
8233,1
8234,0
8235,0
8236,1
8237,1
8238,1
8239,0
8240,0
8241,0
8242,0
8243,0
8244,1
8245,1
8246,1
8247,1
8248,1
8249,0
8250,1
8251,1
8252,1
8253,0
8254,1
8255,0
8256,1
8257,0
8258,0
8259,0
8260,0
8261,1
8262,1
8263,1
8264,0
8265,1
8266,0
8267,0
8268,0
8269,1
8270,1
8271,0
8272,0
8273,1
8274,0
8275,1
8276,1
8277,1
8278,0
8279,1
8280,1
8281,0
8282,0
8283,1
8284,0
8285,1
8286,1
8287,1
8288,1
8289,0
8290,1
8291,1
8292,0
8293,0
8294,0
8295,0
8296,0
8297,1
8298,1
8299,1
8300,0
8301,1
8302,0
8303,1
8304,1
8305,1
8306,0
8307,0
8308,0
8309,1
8310,1
8311,1
8312,1
8313,0
8314,0
8315,0
8316,1
8317,1
8318,0
8319,1
8320,0
8321,1
8322,1
8323,0
8324,0
8325,0
8326,1
8327,0
8328,0
8329,1
8330,0
8331,1
8332,1
8333,0
8334,0
8335,1
8336,0
8337,1
8338,0
8339,1
8340,1
8341,0
8342,0
8343,1
8344,0
8345,1
8346,0
8347,0
8348,1
8349,1
8350,0
8351,0
8352,0
8353,0
8354,0
8355,0
8356,0
8357,0
8358,1
8359,1
8360,0
8361,0
8362,0
8363,1
8364,0
8365,1
8366,0
8367,0
8368,1
8369,0
8370,1
8371,0
8372,1
8373,0
8374,1
8375,0
8376,0
8377,1
8378,0
8379,1
8380,0
8381,1
8382,1
8383,1
8384,1
8385,0
8386,0
8387,0
8388,0
8389,0
8390,0
8391,1
8392,0
8393,1
8394,1
8395,1
8396,1
8397,0
8398,0
8399,0
8400,1
8401,0
8402,0
8403,0
8404,0
8405,0
8406,0
8407,0
8408,0
8409,0
8410,0
8411,0
8412,1
8413,0
8414,0
8415,0
8416,0
8417,1
8418,0
8419,1
8420,0
8421,0
8422,0
8423,0
8424,1
8425,1
8426,1
8427,1
8428,0
8429,1
8430,1
8431,0
8432,0
8433,0
8434,1
8435,0
8436,0
8437,1
8438,1
8439,1
8440,1
8441,0
8442,0
8443,1
8444,0
8445,0
8446,1
8447,0
8448,1
8449,0
8450,0
8451,0
8452,1
8453,1
8454,1
8455,1
8456,1
8457,1
8458,1
8459,1
8460,0
8461,1
8462,1
8463,1
8464,0
8465,0
8466,1
8467,0
8468,0
8469,0
8470,0
8471,0
8472,0
8473,1
8474,1
8475,0
8476,0
8477,1
8478,0
8479,1
8480,0
8481,1
8482,1
8483,1
8484,0
8485,0
8486,0
8487,1
8488,1
8489,0
8490,0
8491,1
8492,1
8493,1
8494,0
8495,0
8496,1
8497,1
8498,0
8499,1
8500,0
8501,0
8502,1
8503,0
8504,0
8505,0
8506,1
8507,1
8508,1
8509,0
8510,1
8511,0
8512,1
8513,0
8514,0
8515,0
8516,1
8517,0
8518,0
8519,1
8520,0
8521,0
8522,0
8523,1
8524,0
8525,0
8526,1
8527,0
8528,1
8529,0
8530,1
8531,0
8532,1
8533,1
8534,1
8535,0
8536,0
8537,1
8538,0
8539,0
8540,1
8541,1
8542,0
8543,0
8544,0
8545,1
8546,1
8547,0
8548,0
8549,1
8550,0
8551,0
8552,0
8553,1
8554,1
8555,0
8556,0
8557,0
8558,1
8559,0
8560,1
8561,1
8562,1
8563,1
8564,0
8565,1
8566,0
8567,1
8568,1
8569,0
8570,0
8571,1
8572,0
8573,1
8574,0
8575,1
8576,0
8577,0
8578,1
8579,0
8580,1
8581,0
8582,0
8583,1
8584,0
8585,0
8586,0
8587,0
8588,1
8589,0
8590,1
8591,0
8592,0
8593,1
8594,1
8595,1
8596,1
8597,1
8598,1
8599,0
8600,0
8601,0
8602,0
8603,0
8604,0
8605,0
8606,1
8607,0
8608,0
8609,1
8610,1
8611,0
8612,1
8613,0
8614,0
8615,0
8616,0
8617,1
8618,1
8619,0
8620,0
8621,1
8622,0
8623,0
8624,0
8625,0
8626,1
8627,1
8628,1
8629,0
8630,0
8631,1
8632,0
8633,1
8634,0
8635,1
8636,0
8637,1
8638,1
8639,0
8640,1
8641,0
8642,0
8643,0
8644,0
8645,0
8646,0
8647,0
8648,1
8649,1
8650,0
8651,1
8652,0
8653,0
8654,0
8655,0
8656,0
8657,0
8658,1
8659,1
8660,0
8661,0
8662,1
8663,1
8664,0
8665,0
8666,1
8667,1
8668,1
8669,0
8670,0
8671,1
8672,1
8673,1
8674,1
8675,0
8676,1
8677,0
8678,0
8679,1
8680,1
8681,1
8682,1
8683,1
8684,0
8685,1
8686,1
8687,0
8688,1
8689,1
8690,0
8691,0
8692,1
8693,1
8694,0
8695,1
8696,0
8697,0
8698,0
8699,1
8700,1
8701,1
8702,0
8703,0
8704,0
8705,1
8706,1
8707,1
8708,1
8709,0
8710,1
8711,0
8712,1
8713,0
8714,1
8715,0
8716,0
8717,1
8718,1
8719,1
8720,0
8721,0
8722,0
8723,0
8724,0
8725,1
8726,1
8727,0
8728,1
8729,0
8730,1
8731,1
8732,1
8733,0
8734,1
8735,1
8736,1
8737,1
8738,0
8739,0
8740,0
8741,0
8742,0
8743,1
8744,0
8745,1
8746,0
8747,0
8748,0
8749,1
8750,1
8751,1
8752,0
8753,0
8754,0
8755,1
8756,1
8757,0
8758,0
8759,0
8760,0
8761,1
8762,0
8763,1
8764,0
8765,1
8766,0
8767,1
8768,1
8769,1
8770,1
8771,1
8772,1
8773,0
8774,1
8775,0
8776,1
8777,1
8778,1
8779,1
8780,1
8781,1
8782,1
8783,1
8784,0
8785,1
8786,0
8787,1
8788,1
8789,0
8790,0
8791,0
8792,0
8793,0
8794,0
8795,0
8796,0
8797,1
8798,1
8799,0
8800,1
8801,1
8802,0
8803,1
8804,0
8805,0
8806,1
8807,1
8808,0
8809,1
8810,1
8811,1
8812,0
8813,1
8814,1
8815,1
8816,1
8817,1
8818,1
8819,1
8820,0
8821,0
8822,1
8823,1
8824,0
8825,0
8826,1
8827,0
8828,0
8829,0
8830,1
8831,1
8832,0
8833,0
8834,0
8835,0
8836,1
8837,1
8838,0
8839,0
8840,1
8841,1
8842,1
8843,0
8844,0
8845,0
8846,0
8847,0
8848,0
8849,0
8850,1
8851,0
8852,1
8853,1
8854,0
8855,0
8856,1
8857,1
8858,0
8859,1
8860,0
8861,0
8862,0
8863,1
8864,1
8865,1
8866,0
8867,1
8868,1
8869,1
8870,0
8871,0
8872,1
8873,1
8874,1
8875,1
8876,1
8877,1
8878,1
8879,1
8880,1
8881,1
8882,1
8883,1
8884,1
8885,0
8886,0
8887,1
8888,1
8889,1
8890,1
8891,0
8892,0
8893,0
8894,1
8895,0
8896,1
8897,0
8898,0
8899,0
8900,0
8901,0
8902,1
8903,1
8904,0
8905,1
8906,1
8907,0
8908,1
8909,0
8910,0
8911,0
8912,0
8913,0
8914,1
8915,1
8916,0
8917,0
8918,0
8919,1
8920,1
8921,1
8922,1
8923,1
8924,1
8925,0
8926,0
8927,1
8928,0
8929,1
8930,0
8931,0
8932,1
8933,0
8934,0
8935,1
8936,1
8937,0
8938,1
8939,1
8940,0
8941,1
8942,1
8943,0
8944,0
8945,0
8946,0
8947,1
8948,1
8949,1
8950,0
8951,0
8952,0
8953,0
8954,1
8955,0
8956,0
8957,0
8958,0
8959,1
8960,1
8961,0
8962,1
8963,1
8964,0
8965,1
8966,0
8967,1
8968,1
8969,0
8970,0
8971,0
8972,0
8973,1
8974,1
8975,1
8976,0
8977,1
8978,1
8979,1
8980,0
8981,0
8982,1
8983,0
8984,0
8985,0
8986,1
8987,0
8988,0
8989,0
8990,0
8991,1
8992,1
8993,1
8994,1
8995,1
8996,0
8997,1
8998,1
8999,1
9000,0
9001,0
9002,0
9003,0
9004,1
9005,1
9006,0
9007,1
9008,1
9009,1
9010,1
9011,0
9012,0
9013,0
9014,1
9015,0
9016,1
9017,1
9018,0
9019,1
9020,0
9021,0
9022,1
9023,0
9024,0
9025,0
9026,0
9027,0
9028,1
9029,1
9030,1
9031,1
9032,0
9033,0
9034,0
9035,0
9036,1
9037,1
9038,1
9039,1
9040,0
9041,0
9042,0
9043,0
9044,1
9045,0
9046,1
9047,0
9048,1
9049,0
9050,0
9051,1
9052,1
9053,0
9054,0
9055,1
9056,1
9057,0
9058,0
9059,1
9060,1
9061,0
9062,0
9063,1
9064,1
9065,1
9066,1
9067,0
9068,0
9069,0
9070,0
9071,1
9072,1
9073,1
9074,1
9075,1
9076,0
9077,0
9078,0
9079,1
9080,1
9081,1
9082,0
9083,1
9084,0
9085,1
9086,0
9087,1
9088,1
9089,0
9090,0
9091,1
9092,0
9093,0
9094,0
9095,0
9096,1
9097,1
9098,1
9099,1
9100,0
9101,1
9102,1
9103,0
9104,1
9105,0
9106,1
9107,1
9108,1
9109,1
9110,1
9111,1
9112,1
9113,1
9114,1
9115,1
9116,0
9117,0
9118,1
9119,0
9120,0
9121,0
9122,1
9123,1
9124,0
9125,1
9126,0
9127,0
9128,0
9129,0
9130,1
9131,0
9132,0
9133,1
9134,1
9135,0
9136,1
9137,0
9138,1
9139,0
9140,0
9141,0
9142,0
9143,1
9144,0
9145,0
9146,0
9147,1
9148,1
9149,0
9150,0
9151,1
9152,0
9153,0
9154,0
9155,0
9156,1
9157,1
9158,1
9159,0
9160,0
9161,1
9162,0
9163,1
9164,1
9165,0
9166,0
9167,1
9168,0
9169,0
9170,1
9171,0
9172,1
9173,0
9174,1
9175,1
9176,1
9177,0
9178,1
9179,1
9180,0
9181,0
9182,0
9183,1
9184,1
9185,1
9186,0
9187,1
9188,1
9189,0
9190,0
9191,1
9192,1
9193,1
9194,0
9195,1
9196,1
9197,1
9198,1
9199,1
9200,0
9201,0
9202,1
9203,1
9204,1
9205,0
9206,0
9207,0
9208,1
9209,0
9210,0
9211,0
9212,1
9213,0
9214,1
9215,0
9216,1
9217,0
9218,1
9219,0
9220,1
9221,0
9222,1
9223,1
9224,1
9225,0
9226,1
9227,0
9228,0
9229,1
9230,0
9231,0
9232,0
9233,1
9234,0
9235,0
9236,1
9237,0
9238,0
9239,0
9240,0
9241,1
9242,0
9243,0
9244,1
9245,1
9246,1
9247,1
9248,1
9249,1
9250,1
9251,1
9252,1
9253,1
9254,0
9255,1
9256,1
9257,1
9258,0
9259,0
9260,1
9261,1
9262,0
9263,0
9264,1
9265,1
9266,0
9267,0
9268,0
9269,0
9270,1
9271,0
9272,0
9273,0
9274,1
9275,1
9276,1
9277,1
9278,0
9279,0
9280,1
9281,0
9282,0
9283,1
9284,0
9285,0
9286,0
9287,0
9288,1
9289,0
9290,0
9291,1
9292,0
9293,0
9294,0
9295,0
9296,1
9297,0
9298,0
9299,0
9300,0
9301,0
9302,1
9303,1
9304,1
9305,1
9306,0
9307,1
9308,1
9309,0
9310,1
9311,1
9312,0
9313,0
9314,1
9315,1
9316,0
9317,1
9318,0
9319,0
9320,1
9321,1
9322,1
9323,1
9324,0
9325,0
9326,0
9327,1
9328,0
9329,0
9330,0
9331,1
9332,0
9333,1
9334,1
9335,1
9336,1
9337,0
9338,0
9339,0
9340,0
9341,0
9342,1
9343,0
9344,1
9345,0
9346,1
9347,0
9348,1
9349,0
9350,1
9351,1
9352,0
9353,1
9354,1
9355,1
9356,0
9357,0
9358,1
9359,1
9360,1
9361,1
9362,1
9363,1
9364,1
9365,0
9366,1
9367,1
9368,1
9369,1
9370,0
9371,0
9372,0
9373,0
9374,1
9375,1
9376,1
9377,1
9378,0
9379,0
9380,1
9381,0
9382,1
9383,1
9384,0
9385,0
9386,0
9387,0
9388,1
9389,0
9390,1
9391,1
9392,0
9393,0
9394,1
9395,1
9396,0
9397,0
9398,0
9399,0
9400,0
9401,0
9402,0
9403,0
9404,0
9405,0
9406,1
9407,0
9408,0
9409,1
9410,0
9411,0
9412,1
9413,1
9414,1
9415,0
9416,1
9417,1
9418,1
9419,1
9420,0
9421,1
9422,0
9423,0
9424,1
9425,1
9426,1
9427,1
9428,1
9429,1
9430,1
9431,0
9432,1
9433,1
9434,0
9435,0
9436,1
9437,0
9438,1
9439,1
9440,0
9441,0
9442,1
9443,1
9444,0
9445,0
9446,0
9447,0
9448,1
9449,0
9450,1
9451,1
9452,1
9453,0
9454,0
9455,1
9456,0
9457,1
9458,0
9459,0
9460,0
9461,1
9462,0
9463,1
9464,1
9465,0
9466,1
9467,0
9468,1
9469,1
9470,1
9471,1
9472,1
9473,1
9474,0
9475,0
9476,1
9477,0
9478,0
9479,1
9480,1
9481,1
9482,0
9483,0
9484,0
9485,0
9486,1
9487,0
9488,1
9489,0
9490,1
9491,1
9492,0
9493,1
9494,1
9495,1
9496,0
9497,0
9498,1
9499,1
9500,0
9501,1
9502,0
9503,0
9504,0
9505,1
9506,0
9507,1
9508,0
9509,1
9510,1
9511,1
9512,1
9513,1
9514,1
9515,0
9516,0
9517,0
9518,1
9519,0
9520,0
9521,0
9522,0
9523,0
9524,0
9525,1
9526,0
9527,0
9528,0
9529,1
9530,1
9531,1
9532,1
9533,1
9534,1
9535,1
9536,0
9537,0
9538,1
9539,1
9540,1
9541,1
9542,1
9543,0
9544,1
9545,0
9546,1
9547,0
9548,1
9549,0
9550,1
9551,0
9552,0
9553,1
9554,1
9555,1
9556,0
9557,1
9558,0
9559,0
9560,0
9561,1
9562,0
9563,1
9564,0
9565,1
9566,1
9567,0
9568,1
9569,1
9570,0
9571,0
9572,0
9573,1
9574,0
9575,0
9576,1
9577,1
9578,0
9579,1
9580,0
9581,1
9582,1
9583,0
9584,0
9585,1
9586,1
9587,0
9588,0
9589,0
9590,1
9591,1
9592,1
9593,0
9594,0
9595,0
9596,1
9597,1
9598,0
9599,0
9600,1
9601,0
9602,1
9603,0
9604,0
9605,1
9606,1
9607,0
9608,0
9609,0
9610,0
9611,1
9612,1
9613,0
9614,0
9615,1
9616,0
9617,1
9618,1
9619,0
9620,0
9621,1
9622,0
9623,0
9624,1
9625,0
9626,0
9627,0
9628,1
9629,0
9630,0
9631,0
9632,0
9633,0
9634,1
9635,1
9636,1
9637,0
9638,0
9639,0
9640,1
9641,0
9642,0
9643,0
9644,1
9645,0
9646,0
9647,1
9648,0
9649,1
9650,0
9651,1
9652,0
9653,0
9654,0
9655,0
9656,0
9657,0
9658,1
9659,1
9660,0
9661,1
9662,1
9663,1
9664,1
9665,0
9666,0
9667,0
9668,1
9669,1
9670,1
9671,0
9672,1
9673,0
9674,1
9675,0
9676,1
9677,1
9678,0
9679,1
9680,1
9681,0
9682,1
9683,1
9684,1
9685,0
9686,0
9687,0
9688,0
9689,0
9690,0
9691,0
9692,0
9693,1
9694,0
9695,1
9696,1
9697,0
9698,0
9699,1
9700,1
9701,1
9702,0
9703,1
9704,0
9705,1
9706,1
9707,1
9708,0
9709,0
9710,0
9711,0
9712,1
9713,1
9714,1
9715,0
9716,1
9717,1
9718,0
9719,0
9720,0
9721,1
9722,1
9723,0
9724,0
9725,0
9726,0
9727,0
9728,0
9729,1
9730,0
9731,0
9732,0
9733,1
9734,0
9735,0
9736,0
9737,1
9738,1
9739,1
9740,1
9741,1
9742,1
9743,0
9744,1
9745,1
9746,0
9747,1
9748,0
9749,1
9750,0
9751,0
9752,1
9753,1
9754,0
9755,1
9756,0
9757,0
9758,1
9759,0
9760,0
9761,0
9762,0
9763,0
9764,0
9765,1
9766,1
9767,0
9768,0
9769,1
9770,0
9771,1
9772,0
9773,1
9774,1
9775,1
9776,1
9777,1
9778,0
9779,0
9780,1
9781,1
9782,1
9783,0
9784,1
9785,0
9786,1
9787,1
9788,1
9789,1
9790,1
9791,0
9792,0
9793,1
9794,1
9795,1
9796,0
9797,1
9798,1
9799,0
9800,0
9801,0
9802,0
9803,0
9804,0
9805,1
9806,1
9807,0
9808,1
9809,0
9810,0
9811,1
9812,1
9813,1
9814,1
9815,0
9816,0
9817,0
9818,0
9819,1
9820,1
9821,1
9822,0
9823,0
9824,1
9825,1
9826,0
9827,0
9828,1
9829,0
9830,1
9831,1
9832,0
9833,1
9834,1
9835,0
9836,1
9837,0
9838,0
9839,1
9840,1
9841,1
9842,1
9843,1
9844,0
9845,1
9846,1
9847,1
9848,0
9849,1
9850,1
9851,1
9852,0
9853,1
9854,1
9855,0
9856,1
9857,0
9858,0
9859,1
9860,0
9861,0
9862,0
9863,1
9864,1
9865,0
9866,1
9867,0
9868,0
9869,1
9870,1
9871,0
9872,0
9873,0
9874,1
9875,1
9876,1
9877,1
9878,0
9879,0
9880,1
9881,1
9882,0
9883,0
9884,0
9885,1
9886,1
9887,0
9888,1
9889,0
9890,0
9891,1
9892,0
9893,0
9894,1
9895,0
9896,0
9897,0
9898,0
9899,1
9900,1
9901,1
9902,0
9903,1
9904,0
9905,1
9906,0
9907,1
9908,1
9909,0
9910,0
9911,1
9912,1
9913,0
9914,1
9915,0
9916,1
9917,0
9918,1
9919,1
9920,0
9921,0
9922,0
9923,1
9924,0
9925,0
9926,1
9927,0
9928,1
9929,0
9930,0
9931,0
9932,1
9933,1
9934,0
9935,1
9936,0
9937,0
9938,0
9939,0
9940,0
9941,0
9942,0
9943,1
9944,0
9945,1
9946,0
9947,0
9948,1
9949,0
9950,1
9951,0
9952,1
9953,0
9954,1
9955,0
9956,1
9957,0
9958,0
9959,0
9960,0
9961,1
9962,1
9963,1
9964,0
9965,1
9966,0
9967,0
9968,1
9969,1
9970,0
9971,1
9972,0
9973,1
9974,1
9975,0
9976,1
9977,1
9978,0
9979,0
9980,0
9981,1
9982,1
9983,0
9984,1
9985,1
9986,0
9987,0
9988,1
9989,0
9990,0
9991,1
9992,0
9993,0
9994,1
9995,0
9996,0
9997,1
9998,1
9999,0
